answer,violation_type,category_guess,count,notes
"I know this is frustrating, and it might help to show this to a human TA, but if you want to keep trying... exactly—since raw arrays don’t track size,",v2_unsafe,safe_short_socratic_confirmation,6,
"No problem — take a moment to locate your C++ file. I'll be here when you're ready to share it. Remember, we need to work with `.cpp` files for this a",v2_unsafe,uncertain_review_needed,2,
"I'm designed to help with C++ programming questions only. You're currently working with SQL code, which is outside my scope. Please reach out to a hum",v2_unsafe,uncertain_review_needed,2,
Let’s visualize how memory is organized when your program runs:,v2_unsafe,uncertain_review_needed,2,
"Exactly—using `=` assigns 1 to `debug_mode`, making the condition always true. Change it to `==` to compare.  ",v2_unsafe,safe_short_socratic_confirmation,1,
"Exactly. You should remove the local declaration and just increment the member variable. To fix it, simply replace line 28 with:  ",v2_unsafe,safe_short_socratic_confirmation,1,
"Exactly—`operator>>` for `int` stops at the first non-digit. If the input has units like ""30s"", the 's' makes it invalid. Try printing each token afte",v2_unsafe,safe_short_socratic_confirmation,1,
"Good plan. To inspect the values, you could temporarily add:",code_leakage,uncertain_review_needed,1,
Consider where the `name` pointer in `InventoryItem` actually points:,v2_unsafe,uncertain_review_needed,1,
"Exactly—`strdup` allocates writable memory for the string. In `addItem`, you should copy the string there:",code_leakage,safe_short_socratic_confirmation,1,
Excellent work diagnosing and resolving the memory issue. You've correctly managed dynamic string storage and deallocation. [DEBUG_IDEA_UNLOCKED],v2_unsafe,uncertain_review_needed,1,
"Before we explore the 'why' of `virtual` inheritance, I'd like you to explain in your own words what this code does—particularly the inheritance chain",v2_unsafe,uncertain_review_needed,1,
"Yes—use `std::numeric_limits<std::streamsize>::max(), '\n'` to safely ignore all invalid input up to the newline.  ",v2_unsafe,uncertain_review_needed,1,
"Excellent. Remember, robust input handling is key in systems programming. Once you implement the fix, test with both valid and invalid input to confir",v2_unsafe,uncertain_review_needed,1,
Perfect. Testing across edge cases is how you build reliable systems. Well done working through this.,v2_unsafe,uncertain_review_needed,1,
"Exactly—string literals are stored in read-only memory. To fix this, allocate a new char array, copy the string literal into it using `strcpy`, and us",v2_unsafe,safe_short_socratic_confirmation,1,
"Exactly—the runtime uses metadata to manage `new[]` blocks, and `delete` doesn't clean it up properly, leading to undefined behavior. The crash occurs",v2_unsafe,safe_short_socratic_confirmation,1,
"Yes, `std::vector` manages memory automatically and prevents these errors entirely. You're on the right track—switching to `vector` will make your cod",v2_unsafe,uncertain_review_needed,1,
"Using `std::vector` will resolve the memory issue and align with course standards. If you run into trouble during the conversion, feel free to ask.",v2_unsafe,uncertain_review_needed,1,
"That’s fine—take your time. Remember, the goal is not just working code, but understanding why it works. I’m here if you need to debug further.",v2_unsafe,uncertain_review_needed,1,
"Exactly—using `std::vector` eliminates manual memory management and prevents these kinds of bugs. Good luck wrapping it up, and welcome back if you hi",v2_unsafe,safe_short_socratic_confirmation,1,
"Perfect. That’s exactly the right approach—separate the side effect from the test. Call the function first, store or use its result, then assert on th",v2_unsafe,uncertain_review_needed,1,
Absolutely. This ensures consistent behavior across all build types while keeping your tests intact. Well reasoned.,v2_unsafe,uncertain_review_needed,1,
Exactly—`assert` vanishes in release builds. To test safely:  ,code_leakage,safe_short_socratic_confirmation,1,
Exactly — clear naming turns magic numbers into self-documenting code. That’s a pro move. Keep trusting your instincts when something *feels* off — so,v2_unsafe,uncertain_review_needed,1,
"Exactly—without `virtual`, only the base destructor runs, slicing the derived object. Try declaring it like: `virtual ~Item() { ... }` [DEBUG_IDEA_UNL",v2_unsafe,safe_short_socratic_confirmation,1,
Glad it's working. Understanding virtual destructors is key for safe polymorphism—keep that in mind for your next inheritance design. [DEBUG_IDEA_UNLO,v2_unsafe,safe_one_line_cpp_hint,1,
Yes—check before incrementing. You can write:  ,v2_unsafe,safe_minimal_debugging_hint,1,
"Yes, that loop will correctly initialize all buckets to `nullptr`. You can also use `TABLE_SIZE` instead of `10` for clarity and maintainability. Go a",v2_unsafe,uncertain_review_needed,1,
Exactly—the `erase` method on `unordered_map` returns a valid iterator to the next element in C++11 and later. You can use that return value directly ,code_leakage,safe_short_socratic_confirmation,1,
"Precisely. That safety check is a critical defensive practice, especially when working with pointers and indices. You're thinking like a systems progr",v2_unsafe,safe_minimal_debugging_hint,1,
"Exactly — ""fail fast"" minimizes damage and makes debugging easier by catching errors at the boundary. This is a core principle in systems programming.",v2_unsafe,uncertain_review_needed,1,
"Perfect analogy — the function’s guard clause *is* the bouncer, ejecting invalid inputs before they cause trouble inside the club. That’s defensive pr",v2_unsafe,uncertain_review_needed,1,
"Only verified pointers with valid addresses get a wristband. Keep thinking like this, and you'll master systems code in no time. [DEBUG_IDEA_UNLOCKED]",v2_unsafe,uncertain_review_needed,1,
Replace `return 0;` with `break;` to exit the loop only. Then the program will continue to print the result.,v2_unsafe,safe_minimal_debugging_hint,1,
Exactly—the line uses `&` instead of `&&`. Change it to:  ,v2_unsafe,safe_short_socratic_confirmation,1,
"I notice your code appears to be in Python, but we're in a C++ homework session. Let's focus on your C++ file. Please load the correct file in your ed",v2_unsafe,uncertain_review_needed,1,
I still see Python syntax in your editor window. Let me help you verify:,v2_unsafe,uncertain_review_needed,1,
"Yes, change the member to `std::string address`. Then use the member initializer list: `Wallet(const std::string& n, const char* addr) : name(n), addr",v2_unsafe,uncertain_review_needed,1,
"Exactly—`std::string` has a constructor that takes a `const char*`, so it safely copies the C-string. This ensures the data lives as long as the `Wall",v2_unsafe,safe_short_socratic_confirmation,1,
Excellent! You’ve correctly identified and resolved the dangling string_view issue by ensuring data ownership. This is a key principle in modern C++: ,v2_unsafe,uncertain_review_needed,1,
Exactly—passing the size is the standard solution. Update your function signature to:  ,v2_unsafe,safe_short_socratic_confirmation,1,
Excellent! This is a classic case where `volatile` prevents undefined behavior in the presence of asynchronous state changes. Well diagnosed.[DEBUG_ID,v2_unsafe,uncertain_review_needed,1,
"Exactly—passing a large vector by value triggers a full copy, consuming stack and heap. Change the parameter to:  ",v2_unsafe,safe_short_socratic_confirmation,1,
"Exactly—const references give you safe, efficient access without copying. That’s a solid rule of thumb for any non-trivial object. [DEBUG_IDEA_UNLOCKE",v2_unsafe,safe_short_socratic_confirmation,1,
Excellent debugging! You've fixed the logic—now let’s polish the code. [DEBUG_IDEA_UNLOCKED],v2_unsafe,uncertain_review_needed,1,
Exactly! You can use `std::cin.ignore()` to skip the newline. Try adding this line after `std::cin >> accountNumber;`:,code_leakage,safe_minimal_debugging_hint,1,
"Exactly—robust code anticipates messy input. You’ve nailed the core idea: input operations don’t always play nicely together, and it’s *your* job to m",v2_unsafe,safe_short_socratic_confirmation,1,
```,v2_unsafe,unsafe_multistatement_code_patch,1,
"You'll know you have the right file open when you see C++ syntax like `#include`, `int main()`, or `std::cout`. The filename should end in `.cpp`. Onc",v2_unsafe,uncertain_review_needed,1,
"Excellent plan—this approach keeps iteration and modification separate, avoiding both iterator invalidation and unbounded growth. Go ahead and restruc",v2_unsafe,uncertain_review_needed,1,
"Precisely — `peek()` sees the 'a' still in the buffer, so it’s not EOF, and the error is caught. Your understanding of stream state and input validati",v2_unsafe,safe_short_socratic_confirmation,1,
"Exactly — separation of concerns: first validate conversion, then ensure no trailing data. You’ve nailed a key C++ idiom used in robust input parsing.",v2_unsafe,uncertain_review_needed,1,
"Exactly—without updating `capacity`, the stack thinks it's still full after every resize, so `push()` keeps calling itself endlessly. Add this line at",v2_unsafe,safe_short_socratic_confirmation,1,
"Exactly—one symbol can change program behavior entirely, especially when it comes to memory safety. This is why understanding operator semantics is cr",v2_unsafe,safe_short_socratic_confirmation,1,
"You’ve got this. Remember: pointer arithmetic scales by type size, and `-g` gives you debugging superpowers. Anchor those ideas with a quick sketch of",v2_unsafe,uncertain_review_needed,1,
"Perfect. That is exactly the safe pattern you need. By using a temporary pointer and checking for `nullptr` before reassigning `vote_counts`, the orig",v2_unsafe,uncertain_review_needed,1,
You're welcome. Remember: always preserve the original pointer when reallocating. This pattern applies to any dynamic resize—just like managing resour,v2_unsafe,uncertain_review_needed,1,
Let's visualize your array and pointer:,v2_unsafe,uncertain_review_needed,1,
Exactly — use `i < size` to stay within bounds. Update your loop condition accordingly. [DEBUG_IDEA_UNLOCKED],v2_unsafe,uncertain_review_needed,1,
Excellent — you’ve just avoided a classic off-by-one error. Always ensure your loop bounds match your array’s valid index range. [DEBUG_IDEA_UNLOCKED],v2_unsafe,uncertain_review_needed,1,
"Exactly—the program exits before processing any players, so no averages are computed at all. The `0.000` you saw was just the output message, not a ca",v2_unsafe,safe_short_socratic_confirmation,1,
"Exactly—the expression `ss >> moisture` returns the stream itself, which converts to `false` if extraction fails. Here's how it flows:",v2_unsafe,safe_short_socratic_confirmation,1,
Exactly—`&&` guarantees left-to-right evaluation and stops as soon as one condition fails. That’s why this pattern is both safe and idiomatic in C++. ,v2_unsafe,safe_short_socratic_confirmation,1,
Precisely—the second and third conditions never execute if the stream extraction fails. That’s what makes this idiom both efficient and safe.,v2_unsafe,uncertain_review_needed,1,
"Exactly—because `moisture` is only evaluated after a successful read, you avoid the very real danger of testing bounds on uninitialized memory. [DEBUG",v2_unsafe,safe_short_socratic_confirmation,1,
"You're on the right track! If you remove the `return`, you’ll need a way to remember whether a high reading was ever found. Consider using a `bool` fl",v2_unsafe,uncertain_review_needed,1,
"Exactly—replace line 19 with: `return new WalletNode(addr, bal);` This allocates the node on the heap, so it remains valid after the function returns.",v2_unsafe,safe_short_socratic_confirmation,1,
"Yes—`std::unordered_map<std::string, bool>` would work perfectly. Declare it before the round loop and update it when eliminating candidates. [DEBUG_I",v2_unsafe,uncertain_review_needed,1,
Excellent. Remember to update the map each round when a candidate is eliminated. This should bring your runtime well within CI limits.,v2_unsafe,uncertain_review_needed,1,
Exactly—use `std::abs(current->rating - targetRating) < 0.01` in your condition. Replace the `==` line with that check. [DEBUG_IDEA_UNLOCKED],v2_unsafe,safe_short_socratic_confirmation,1,
"Perfect — that’s defensive programming: validate before converting, and rely on safe defaults. Go ahead and implement that guard. Your logic is solid.",v2_unsafe,uncertain_review_needed,1,
Precisely. The assignment operator must also perform a deep copy—and remember to deallocate existing memory first to prevent leaks. This pattern is so,v2_unsafe,uncertain_review_needed,1,
"Exactly—deleting the old memory first prevents leaks and ensures clean state. You've now covered all three special functions: destructor, copy constru",v2_unsafe,safe_short_socratic_confirmation,1,
Exactly—the semicolon creates an empty loop body. Remove it so the braces become the loop body:,code_leakage,safe_short_socratic_confirmation,1,
"Exactly—you declared a new local `likes`, which shadows the inherited member. Remove the `int likes=0;` line to use the base class member instead.  ",v2_unsafe,safe_short_socratic_confirmation,1,
Excellent debugging! Shadowing can be tricky—always check variable scope when member updates seem ignored. Keep up the great work.,v2_unsafe,safe_minimal_debugging_hint,1,
Yes—perfect signature. You'll need to allocate a new array with `new std::string[numRanks]` and copy each element from `other.preferences`. Don't forg,v2_unsafe,uncertain_review_needed,1,
"Exactly—initialize `numRanks`, allocate the new array, then copy each string. This ensures independent ownership. Remember to also define the copy ass",v2_unsafe,safe_short_socratic_confirmation,1,
"Precisely—it's a concise way to validate each extraction step while leveraging short-circuit evaluation. If one fails, the rest are skipped, and the f",v2_unsafe,uncertain_review_needed,1,
Exactly—the chain relies on short-circuit logic: one failed extraction breaks the whole condition. Your intuition is spot-on. [DEBUG_IDEA_UNLOCKED],v2_unsafe,safe_short_socratic_confirmation,1,
Exactly. Change the inner loop condition to stay within bounds. Here's the corrected line:,code_leakage,safe_short_socratic_confirmation,1,
It’s a common pitfall—confusing `return total;` with `return getTotalValue();`. The key is recognizing when a function needs to *compute* versus *retu,v2_unsafe,safe_minimal_debugging_hint,1,
"I know this is frustrating, and it might help to talk to a human TA, but let’s push through. To traverse with pointers, use:  ",code_leakage,uncertain_review_needed,1,
Exactly — virtual dispatch doesn't work in constructors. Move the `getAlgorithmName()` call to a separate initialization method or after the object is,code_leakage,safe_one_line_cpp_hint,1,
Excellent. You’ve correctly identified that virtual functions rely on a fully constructed object to dispatch properly. This is a subtle but important ,v2_unsafe,uncertain_review_needed,1,
"You're right — `*ptr += amount` **does** change the value. And since `balancePtr` points to `accountBalance`, that variable **should** update. But you",code_leakage,uncertain_review_needed,1,
"The `++` didn't mess up the dereference — due to precedence, `*balancePtr++` still accessed the correct memory. The real issue was clarity: combining ",v2_unsafe,uncertain_review_needed,1,
That’s a very practical mindset—and one shared by experienced engineers. Think of it like using a well-tested sorting library instead of writing quick,v2_unsafe,uncertain_review_needed,1,
"It’s more than just timing—`join()` guarantees that `code` is still in scope and valid until the thread finishes. That’s deterministic correctness, no",v2_unsafe,uncertain_review_needed,1,
"Exactly—the destruction will cascade if each node deletes its children. To implement: in `~TrieNode()`, after `delete[] isEnd`, add a loop over `child",code_leakage,safe_short_socratic_confirmation,1,
"Exactly—place both `cin.clear();` and `cin.ignore(100, '\n');` in the `else` block to handle invalid input. This ensures the stream is reset and ready",v2_unsafe,safe_short_socratic_confirmation,1,
"Exactly—after `delete[] items`, `this->items` points to freed memory, so reading from it causes undefined behavior. You must copy from `other.items`. ",v2_unsafe,safe_short_socratic_confirmation,1,
Excellent—you've correctly applied the Rule of Three by ensuring your assignment operator performs a deep copy. This prevents heap corruption and ensu,v2_unsafe,uncertain_review_needed,1,
"I understand you want things to work, but true reliability comes from understanding *why* they work. Compiling is just a tool—your real goal is writin",v2_unsafe,uncertain_review_needed,1,
Exactly. You must check that the iterator is valid before erasing. Use an `if` statement to verify `it != posts.end()` before calling `erase`. [DEBUG_,v2_unsafe,safe_short_socratic_confirmation,1,
"Exactly. The function now safely handles missing users by doing nothing, avoiding undefined behavior. This is a key practice when working with STL ite",v2_unsafe,safe_short_socratic_confirmation,1,
Precisely. Update the allocation to:  ,v2_unsafe,uncertain_review_needed,1,
"Excellent work. Remember: when allocating C-strings, always account for the null terminator. This is a classic off-by-one error that leads to heap cor",v2_unsafe,uncertain_review_needed,1,
"Exactly — `realloc` only frees the old block if it succeeds. If it fails, it returns `NULL` but leaves the original block untouched. So you must **not",code_leakage,uncertain_review_needed,1,
Exactly—always validate pointer state before dereference. Add: `if (top == nullptr) return;` at the start of `printTopPerformer`. [DEBUG_IDEA_UNLOCKED,v2_unsafe,safe_short_socratic_confirmation,1,
"Great approach—robust code handles edge cases gracefully. You can use: `if (top == nullptr) { std::cout << ""No students to display.\n""; return; }` [DE",v2_unsafe,safe_one_line_cpp_hint,1,
Excellent work—you've turned a crash into clear user feedback. This is exactly how real systems handle edge cases. Keep applying that mindset to your ,v2_unsafe,uncertain_review_needed,1,
"Exactly—the buffer overflow corrupts adjacent stack data, leading to undefined behavior. To fix it, ensure `snprintf` doesn’t write beyond the buffer.",code_leakage,safe_short_socratic_confirmation,1,
Let's trace the memory and control flow:,v2_unsafe,uncertain_review_needed,1,
"Yes, exactly. Place `delete acct;` in the `catch` block after printing the error to ensure the object is always destroyed. [DEBUG_IDEA_UNLOCKED]",v2_unsafe,safe_short_socratic_confirmation,1,
"Excellent. This ensures exception safety. As a next step, consider how RAII or smart pointers could automate this cleanup and prevent similar leaks.",v2_unsafe,uncertain_review_needed,1,
Well done—handling cleanup in both paths is key to exception-safe code. [DEBUG_IDEA_UNLOCKED],v2_unsafe,uncertain_review_needed,1,
"Yes, use `new std::string[TABLE_SIZE]` for keys and `new int[TABLE_SIZE]` for values. Don't forget `occupied`. [DEBUG_IDEA_UNLOCKED]",v2_unsafe,uncertain_review_needed,1,
Exactly—the symmetry between `new[]` and `delete[]` is essential. You’ve got the right setup. [DEBUG_IDEA_UNLOCKED],v2_unsafe,safe_short_socratic_confirmation,1,
Well done—you've built a robust hash table with proper memory handling. This is a key skill in systems programming. [DEBUG_IDEA_UNLOCKED],v2_unsafe,uncertain_review_needed,1,
Let's visualize your buffer:,v2_unsafe,uncertain_review_needed,1,
Yes—limit the loop to 15 characters to reserve space for `'\0'`. Update your condition like this:,code_leakage,uncertain_review_needed,1,
"Exactly—unlike `&&`, `&` doesn't short-circuit, so both conditions are always evaluated. Replace `&` with `||` to properly check if the index is out o",v2_unsafe,safe_short_socratic_confirmation,1,
Exactly—short-circuiting with `||` makes the check safe even for extreme values. You've nailed the core idea. [DEBUG_IDEA_UNLOCKED],v2_unsafe,safe_short_socratic_confirmation,1,
You're welcome. That subtle difference between `&` and `&&` (or `||`) trips up many students—great job catching it. Always remember: use logical opera,v2_unsafe,safe_one_line_cpp_hint,1,
"Perfect. Once you wrap the header content with proper guards, the duplicate definition error will disappear.  ",v2_unsafe,uncertain_review_needed,1,
Exactly — `std::cos` expects radians. You’ll want to convert `theta` like: `double rads = theta * M_PI / 180.0;`  ,v2_unsafe,safe_one_line_cpp_hint,1,
"That’s the right approach. Remember to test with a known orbit — for example, a circular one — to verify your output is physically reasonable.",v2_unsafe,uncertain_review_needed,1,
Excellent — a circular orbit with eccentricity near 0 and true anomaly at any point should give nearly constant velocity. That’s a perfect sanity chec,v2_unsafe,uncertain_review_needed,1,
"C++ follows strict operator precedence rules—`==` binds tighter than bitwise `&`, so parentheses are required for correctness. Change line 33 to:  ",v2_unsafe,safe_one_line_cpp_hint,1,
Yes—update `items` only after confirming success. Move the assignment inside the success path:,code_leakage,uncertain_review_needed,1,
Perfect. You should move the assignment after the null check.,v2_unsafe,uncertain_review_needed,1,
Excellent. This pattern—preserving the original pointer on allocation failure—is critical when using `realloc`. Well done identifying and fixing the r,v2_unsafe,uncertain_review_needed,1,
"Exactly — the function validates the index before any access. Since -1 is out of bounds, it prints the error and returns immediately. So no crash occu",v2_unsafe,uncertain_review_needed,1,
"Yes, the guard clause acts as a safety net. This is a good practice — always validate inputs before using them, especially with pointers and indices. ",v2_unsafe,uncertain_review_needed,1,
Excellent work — you've resolved the dangling pointer issue by ensuring the data survives the function's scope. [DEBUG_IDEA_UNLOCKED]  ,v2_unsafe,uncertain_review_needed,1,
"Exactly — a virtual override must have the same signature, including `const` and parameters. To properly override, declare it as:  ",v2_unsafe,safe_one_line_cpp_hint,1,
Yes — removing the `bool` parameter and matching the `const` qualifier ensures it overrides correctly. Remember to use the `override` keyword to let t,v2_unsafe,uncertain_review_needed,1,
"Exactly. The loop runs far beyond the array bounds. To fix it, iterate forward from `index` to `size - 1`, shifting each item left by one. What should",code_leakage,safe_short_socratic_confirmation,1,
Yes—casting one operand to `double` will give you floating-point division. Try: `return static_cast<double>(sum) / numTests;`[DEBUG_IDEA_UNLOCKED],v2_unsafe,uncertain_review_needed,1,
Excellent! You've correctly handled the type promotion to avoid truncation. This is a common pitfall in systems programming—always mindful of implicit,v2_unsafe,uncertain_review_needed,1,
Excellent. You've fixed a classic C++ pitfall: any base class meant to be polymorphically deleted must have a virtual destructor. This ensures the ent,v2_unsafe,uncertain_review_needed,1,
Let's visualize the `inventory` pointer in `main` and the `head` parameter in `removeBook`:,v2_unsafe,uncertain_review_needed,1,
Exactly. When a function needs to modify where a pointer points—especially the head of a list—you must pass it by reference using `T*&`. This ensures ,v2_unsafe,safe_short_socratic_confirmation,1,
Exactly — `std::find` requires a begin and end iterator. Replace the first two arguments with `supported_block_sizes.begin()` and `supported_block_siz,v2_unsafe,uncertain_review_needed,1,
"Excellent! You've correctly applied iterators with `std::find`. Remember, containers like `std::vector` provide `begin()` and `end()` precisely to wor",v2_unsafe,uncertain_review_needed,1,
"Yes, exactly. Update the function signature to `void printInventory(string items[], int size)` and pass `5` from `main`. You’re on the right track—thi",v2_unsafe,safe_short_socratic_confirmation,1,
Excellent work diagnosing the array decay issue—this is a common pitfall in C++. Understanding how arrays behave when passed to functions is crucial f,v2_unsafe,uncertain_review_needed,1,
Yes—simply print the error and return. No need for a flag or allocation. Replace the catch block with a simple error message and a return statement.,v2_unsafe,safe_minimal_debugging_hint,1,
"Exactly—local catch blocks let you handle and log errors at the source, preserving context. This makes debugging easier and keeps your `main` clean. W",v2_unsafe,safe_short_socratic_confirmation,1,
Yes—check `if (current == nullptr)` inside the loop and return early. Add this condition right after updating `current`.  ,v2_unsafe,safe_minimal_debugging_hint,1,
Exactly—place the check immediately after updating `current`.  ,v2_unsafe,safe_short_socratic_confirmation,1,
Exactly—allocate a new array of pointers using `new Passenger*[capacity];` right after the `delete[]`. That creates the container for your deep copy. ,v2_unsafe,safe_short_socratic_confirmation,1,
"It *is* tricky—manual memory management demands precision, which is why modern C++ uses smart pointers and RAII. But understanding `new`/`delete` deep",v2_unsafe,uncertain_review_needed,1,
"Exactly—floating-point values are stored in binary, so decimal fractions often have small representation errors. Instead of `==`, compare the absolute",v2_unsafe,safe_short_socratic_confirmation,1,
"Yes, you’ve got it working—well done. This is a very common issue in systems programming, and now you’re equipped to handle it. Keep this pattern in m",v2_unsafe,uncertain_review_needed,1,
"Exactly—the `==` is a comparison, not an assignment. Fix that line to properly assign the value. [DEBUG_IDEA_UNLOCKED]",v2_unsafe,safe_short_socratic_confirmation,1,
Excellent—this is a great example of how a small syntax error can lead to undefined behavior that manifests later. Always double-check assignment vs. ,v2_unsafe,safe_minimal_debugging_hint,1,
"Yes, an `if-else` in the output loop is perfect. Just check `plyr.atBats == 0` before printing.  ",v2_unsafe,safe_minimal_debugging_hint,1,
Exactly — use `==` for comparison. Update that line to:  ,v2_unsafe,safe_one_line_cpp_hint,1,
Excellent — you've caught a classic C++ pitfall. This kind of assignment-in-condition bug is notoriously hard to spot but great to learn from. Keep th,v2_unsafe,uncertain_review_needed,1,
"Exactly. To fix this, declare `processedCount` as `std::size_t` or initialize it to a valid unsigned value. [DEBUG_IDEA_UNLOCKED]",v2_unsafe,safe_short_socratic_confirmation,1,
"Precisely—the stream extracts ""INVALID"" as the symbol, then fails when trying to parse ""DATA"" as a double, setting the failbit. The condition checks t",v2_unsafe,uncertain_review_needed,1,
"Exactly—the stream’s fail state propagates cleanly, and your condition catches it early. You’ve nailed the core idea of robust input parsing. [DEBUG_I",v2_unsafe,safe_short_socratic_confirmation,1,
"Yes — after `delete[] reviews`, you must allocate a new array and copy the elements, just like in the copy constructor. Start by fixing this line:",v2_unsafe,uncertain_review_needed,1,
"Excellent. You've now implemented the Rule of Three correctly: destructor, copy constructor, and assignment operator all manage dynamic memory safely.",v2_unsafe,uncertain_review_needed,1,
Precisely. The parentheses ensure the entire argument is evaluated before squaring. This is a common pitfall with function-like macros—always wrap par,v2_unsafe,uncertain_review_needed,1,
Exactly—defensive macro design with parentheses prevents subtle evaluation bugs. You're now well-equipped to handle such issues in systems-level C++ c,v2_unsafe,safe_short_socratic_confirmation,1,
Yes—update the address and return the node immediately. That prevents further recursion and avoids the memory leak. You can add:  ,v2_unsafe,uncertain_review_needed,1,
"Exactly—initialize `currentLeader` to `&candidates[0]` before the loop starts, then begin your comparison from `i = 1`. [DEBUG_IDEA_UNLOCKED]",v2_unsafe,safe_short_socratic_confirmation,1,
Exactly—looping through `line` and printing `static_cast<int>(c)` will expose any hidden control characters. Focus on values outside the printable ASC,v2_unsafe,safe_short_socratic_confirmation,1,
"Yes, 13 is `\r`—it can linger if input comes from Windows or certain editors. Strip it by checking `if (!line.empty() && line.back() == '\r') line.pop",v2_unsafe,uncertain_review_needed,1,
"Exactly—the `\r` was left in the buffer after reading `m`, causing the stream to fail when trying to parse it as part of a number. You’ve now seen how",v2_unsafe,safe_short_socratic_confirmation,1,
"Perfect. That small addition ensures only meaningful trailing data triggers a failure, not innocent whitespace. Test it with inputs like ""1.0,2.0,3.0 ",v2_unsafe,uncertain_review_needed,1,
"Exactly. To override `virtual void display()`, your derived class must define `void display()`. Change your function signature accordingly. [DEBUG_IDE",v2_unsafe,safe_short_socratic_confirmation,1,
"Yes, compile and run. Your output should now correctly show both generic and ranked ballot details. Great work identifying the override issue. [DEBUG_",v2_unsafe,uncertain_review_needed,1,
"Exactly—the array decays to a pointer, so the size must be passed explicitly. Update your function signature to:  ",v2_unsafe,safe_short_socratic_confirmation,1,
"I notice your code appears to be written in SQL, but I'm a C++ teaching assistant. While I understand the desire to solve syntax issues, we need to fo",v2_unsafe,uncertain_review_needed,1,
"I'm glad you want help with C++ classes, which are a key part of object-oriented programming [1](https://isotropic.org/papers/chomsky.pdf). But I stil",v2_unsafe,uncertain_review_needed,1,
"Exactly—the `int` keyword declared a new local variable, which lived only inside the function. Without `int`, you modify the global counter. Great cat",v2_unsafe,safe_short_socratic_confirmation,1,
Exactly — combining `!(ss >> a >> m)` with `!ss.eof()` ensures both values were read *and* no extra data remains. You can update your condition like t,code_leakage,uncertain_review_needed,1,
"You're welcome! It's not ""nothing"" — you just leveled up your debugging skills by tracing stream state behavior. That kind of persistence is what make",v2_unsafe,uncertain_review_needed,1,
"Excellent work—this is a classic pointer precedence pitfall. Remember: `*ptr++` is parsed as `*(ptr++)`, so the pointer moves before you use it. You’v",v2_unsafe,uncertain_review_needed,1,
Exactly — you need to promote the integers to `double` before dividing. Try casting `voteCount[i]` to `double` in the expression.  ,v2_unsafe,safe_minimal_debugging_hint,1,
Exactly. Declare `percentage` as `double` and cast the division result appropriately. Then your `setprecision(2)` will show the correct decimal places,v2_unsafe,safe_short_socratic_confirmation,1,
Perfect. You've got the logic right. Here’s the syntax to implement it:,code_leakage,safe_short_socratic_confirmation,1,
"You're welcome. Remember: any time you use `std::find` or similar STL algorithms, always check against `end()` before dereferencing. It’s a key habit ",v2_unsafe,safe_minimal_debugging_hint,1,
"Also, per the style guide, avoid `using namespace std;` and always use the `std::` prefix for standard library names. [STYLE_NUDGE]",v2_unsafe,uncertain_review_needed,1,
Exactly—each case should end with `break` to prevent fall-through. Add `break;` after line 31. [DEBUG_IDEA_UNLOCKED],v2_unsafe,safe_short_socratic_confirmation,1,
Perfect. Now each case will exit properly. Test with other choices to ensure all cases behave independently. [DEBUG_IDEA_UNLOCKED],v2_unsafe,uncertain_review_needed,1,
Excellent approach—testing all paths ensures robustness. Let me know what you observe.,v2_unsafe,uncertain_review_needed,1,
"Exactly—C++ doesn't automatically break between cases, so each `break` is essential for correct logic. I'm glad it's working as expected now.",v2_unsafe,safe_short_socratic_confirmation,1,
Exactly—the `try-catch` already ensures `delete` only runs when `new` succeeded and an exception was thrown. No extra flag is needed. You’ve designed ,v2_unsafe,safe_short_socratic_confirmation,1,
Take your time. I’ll wait for you to open the correct C++ file. Let me know when you’re ready to proceed with your C++ code.,v2_unsafe,uncertain_review_needed,1,
"Yes, you should initialize both `left` and `right` to `nullptr` in the constructor—this ensures that every new node starts with valid, safe pointer va",code_leakage,safe_one_line_cpp_hint,1,
"Exactly—those uninitialized pointers could point to any memory address, and `deleteTree` blindly tried to recurse into them. That’s undefined behavior",v2_unsafe,safe_short_socratic_confirmation,1,
"Excellent mindset—defensive initialization is one of the most effective habits in systems programming. Keep that rigor, and you'll avoid subtle bugs d",v2_unsafe,uncertain_review_needed,1,
"Perfect plan—testing boundary values like 0, `inventory.size()-1`, and values outside the range will confirm robustness. Your guard condition ensures ",v2_unsafe,uncertain_review_needed,1,
Exactly—observe the output for each case and verify the behavior matches expectations. You're thinking like a systems programmer now. Keep up the grea,v2_unsafe,safe_short_socratic_confirmation,1,
"Exactly — uninitialized `bool` members contain indeterminate values, leading to unpredictable behavior. Add `isEnd = false;` in the `TrieNode` constru",v2_unsafe,safe_one_line_cpp_hint,1,
"Yes, the order in the class matters, not where you assign in the constructor body. Since you're setting `isEnd = false` there, it will be safe. Well s",v2_unsafe,safe_one_line_cpp_hint,1,
Exactly—initialize `topIndex` in the `SocialFeed` constructor. Add:  ,v2_unsafe,safe_short_socratic_confirmation,1,
"Exactly—`%d` expects an `int`, but you're passing a `float`, leading to undefined behavior. Change `%d` to `%f` in your `printf` statement. [DEBUG_IDE",v2_unsafe,safe_short_socratic_confirmation,1,
Precisely. `inline` functions provide type safety and proper scoping while still offering performance benefits. You've fully grasped a key C++ best pr,v2_unsafe,uncertain_review_needed,1,
"Yes—favor language features like `inline` functions, `constexpr`, or templates over macros whenever possible. They integrate with type checking and de",v2_unsafe,uncertain_review_needed,1,
"Yes, exactly. Update the function to accept the size and pass `10` from `printAvailableSeats`. Don’t forget to update the call site too. [DEBUG_IDEA_U",v2_unsafe,safe_short_socratic_confirmation,1,
"Exactly — without a virtual destructor, only the base class destructor runs, leading to undefined behavior and heap corruption. Add this to your `Book",code_leakage,safe_one_line_cpp_hint,1,
"Yes — the virtual destructor ensures the correct destructor chain runs, starting from the most derived class. This prevents resource leaks and heap co",v2_unsafe,uncertain_review_needed,1,
I understand—sometimes getting it working is the priority. Just remember this pattern: any base class with virtual functions should have a virtual des,v2_unsafe,uncertain_review_needed,1,
"That’s a solid rule of thumb. If you ever work with polymorphic base classes again, that one line will save you hours. Let me know when you want to di",v2_unsafe,uncertain_review_needed,1,
"Exactly—the post-increment returns the original value, so you're assigning 0 back to `index` every time. Replace `index = index++;` with just `index++",v2_unsafe,safe_short_socratic_confirmation,1,
Great! You've just experienced why operator precedence matters in low-level logic. Always parenthesize bitwise operations to make intent clear—even wh,v2_unsafe,uncertain_review_needed,1,
Exactly—use `%f` for `double`. Update this line:  ,v2_unsafe,safe_short_socratic_confirmation,1,
Well done! You identified and resolved the type mismatch in your formatted output. Remember that `printf` requires strict type matching—this kind of b,v2_unsafe,uncertain_review_needed,1,
"Exactly—using `candidate` directly is safer and simpler. This avoids raw buffers entirely, which is the modern C++ way. Well done for spotting the red",v2_unsafe,safe_short_socratic_confirmation,1,
"I notice your code appears to be SQL, but we're in a C++ homework assist environment. I can only help with C++ programming questions. If you're workin",v2_unsafe,uncertain_review_needed,1,
"Yes, replacing the nested loops with `std::sort` will reduce the complexity to O(N log N). You can use:  ",v2_unsafe,uncertain_review_needed,1,
Excellent! Understanding when to replace hand-written loops with standard algorithms is a key skill in systems programming. Keep applying that insight,v2_unsafe,uncertain_review_needed,1,
Exactly—the crash happens before any output. Add a condition to check `if (selected != nullptr)` before calling `printVoteResult`. [DEBUG_IDEA_UNLOCKE,v2_unsafe,safe_short_socratic_confirmation,1,
"Good plan. Remember, validating pointers before dereference is a key habit in systems programming. Once you add the check, test with both valid and in",v2_unsafe,uncertain_review_needed,1,
Exactly. Writing code that anticipates future changes is a hallmark of robust systems programming. You've made a subtle but important improvement in d,v2_unsafe,safe_short_socratic_confirmation,1,
Precisely—zero-initialization imposes no runtime cost and enhances safety. Update the declaration as you said: `double income = 0.0;`,v2_unsafe,safe_one_line_cpp_hint,1,
"Exactly—`std::ios::out` opens the file for output, which by default truncates it unless you specify `std::ios::app`. Good catch on connecting the beha",v2_unsafe,safe_short_socratic_confirmation,1,
"In C++, you use the scope resolution operator: `Item::display();` to call the parent version. Replace line 26 with that. [DEBUG_IDEA_UNLOCKED]",v2_unsafe,safe_one_line_cpp_hint,1,
Excellent! You've resolved the infinite recursion and now see how base and derived class methods work together. This is a key part of polymorphism in ,v2_unsafe,uncertain_review_needed,1,
"On most systems, press Ctrl+D (Linux/macOS) or Ctrl+Z then Enter (Windows) to send EOF. Try that after typing your headers. [DEBUG_IDEA_UNLOCKED]",v2_unsafe,safe_minimal_debugging_hint,1,
Exactly—what looked like chaos was actually physics and robustness in action. Documenting these insights will solidify your understanding. Well done. ,v2_unsafe,safe_short_socratic_confirmation,1,
Exactly—checking for self-assignment prevents unnecessary work and ensures correctness. Implement the assignment operator with the deep copy and guard,v2_unsafe,safe_short_socratic_confirmation,1,
Exactly—place the cleanup code after a `cleanup:` label and use `goto cleanup;` just before returning `false`. This ensures memory is always freed. Tr,v2_unsafe,safe_short_socratic_confirmation,1,
"Excellent! You've not only fixed the hang but also grasped a key principle: `volatile` is for memory-mapped I/O, while `std::atomic` is for thread coo",v2_unsafe,uncertain_review_needed,1,
"Exactly—integer division truncates toward zero, and the result is then converted to double. To preserve precision, cast one operand to double before d",v2_unsafe,safe_short_socratic_confirmation,1,
"Excellent—by promoting `sum` to `double`, the division now uses floating-point arithmetic, preserving the fractional part. This is a key detail when w",v2_unsafe,uncertain_review_needed,1,
Exactly—the comparison fails due to floating-point precision. Replace `sum == target` with `std::abs(sum - target) < 1e-9` to check equality within to,v2_unsafe,safe_short_socratic_confirmation,1,
Yes—use `std::abs(sum - target) < 1e-9` to safely compare floating-point values. This avoids exact equality checks that fail due to precision errors. ,v2_unsafe,uncertain_review_needed,1,
"Exactly—the bitwise `&` evaluates both sides and combines them bit-by-bit, while `&&` performs short-circuit logical evaluation. Replace `&` with `&&`",v2_unsafe,safe_short_socratic_confirmation,1,
Consider how the `Book` object is laid out in memory with multiple inheritance:,v2_unsafe,uncertain_review_needed,1,
"Exactly—the compiler manages the layout, and pointer arithmetic cannot safely predict it. Casting through `Book*` lets the compiler compute the correc",code_leakage,safe_short_socratic_confirmation,1,
"Exactly—uninitialized pointers contain indeterminate values, leading to undefined behavior. Initialize it at declaration: `BookNode* head = nullptr;` ",v2_unsafe,safe_short_socratic_confirmation,1,
"That’s a solid way to think about it: as long as the vector’s memory layout stays fixed, the pointers are safe. This is a common concern—now you’ve tu",v2_unsafe,uncertain_review_needed,1,
Perfect—that’s exactly the right mental model. You’ve identified a foundational systems principle: pointer validity depends on container stability. Ho,v2_unsafe,uncertain_review_needed,1,
Exactly. Always check for `nullptr` before dereferencing.  ,v2_unsafe,safe_short_socratic_confirmation,1,
"Exactly. In `main`, compute the size before the array decays:  ",v2_unsafe,safe_short_socratic_confirmation,1,
Perfect. This is a key insight in C++: arrays lose their size when passed to functions. Always pass the size explicitly when needed.  ,v2_unsafe,uncertain_review_needed,1,
"You're not being dumb — you're learning how I/O redirection affects debugging, which is a crucial systems skill. The code is correct, and now you know",v2_unsafe,uncertain_review_needed,1,
"I notice your code is written in Python, but this course requires C++. Please open your C++ source file so we can work on the correct implementation t",v2_unsafe,uncertain_review_needed,1,
Exactly—locate the semicolon using `find(';')` and split the string using `substr()`. Then parse weights from the first substring and bias from the se,v2_unsafe,safe_short_socratic_confirmation,1,
Exactly—assignment in a condition is a classic pitfall. Fix that line with the correct operator. [DEBUG_IDEA_UNLOCKED],v2_unsafe,safe_short_socratic_confirmation,1,
