answer,count,previous_violation_type,category_guess,label_guess,reason,needs_manual_review
"No problem — take a moment to locate your C++ file. I'll be here when you're ready to share it. Remember, we need to work with `.cpp` files for this assignment. Let me know once yo",6,v2_unsafe,safe_short_confirmation,0,tutoring phrasing,no
"I'm designed to help with C++ programming questions only. You're currently working with SQL code, which is outside my scope. Please reach out to a human TA for help with database q",6,v2_unsafe,safe_short_confirmation,0,tutoring phrasing,no
Let’s visualize how memory is organized when your program runs:,6,v2_unsafe,safe_long_socratic_explanation,0,tutoring phrasing,yes
```,5,v2_unsafe,unsafe_fenced_code_solution,1,code block detected,no
"Exactly right. The formula is: address of arr[i] = base address + (i × sizeof(type)). So for int (4 bytes), arr[3] would be base + 12. This contiguous layout is what makes arrays f",4,v2_unsafe,safe_short_confirmation,0,tutoring phrasing,no
"Think of it like driving a car: you can drive without knowing how the engine works, but if it breaks down, you’ll be stuck. In C++, if you don’t understand memory layout, a small m",4,v2_unsafe,safe_short_confirmation,0,tutoring phrasing,no
"Think of memory like a row of mailboxes, each labeled with a number (the address) and each sized to hold one data type. When you declare an array like `int arr[5]`, it's like reser",4,v2_unsafe,safe_short_confirmation,0,tutoring phrasing,no
"Exactly! The compiler embeds the `sizeof(element)` into the arithmetic automatically. So when you write `ptr + 1`, it doesn’t just add 1 byte—it adds `sizeof(*ptr)` bytes. This is ",4,v2_unsafe,safe_short_confirmation,0,tutoring phrasing,no
"Perfect. Think of it like walking through a city where buildings are different widths. If you're delivering packages to offices (ints), each building is 4 units wide—you step 4 uni",4,v2_unsafe,safe_short_confirmation,0,tutoring phrasing,no
"Exactly. Reinterpreting an `int` array through a `char*` doesn’t corrupt memory by itself (reading is safe if aligned), but it *will* give you the individual bytes of each integer,",4,v2_unsafe,safe_short_confirmation,0,tutoring phrasing,no
"Spot on. A 32-bit integer like `0x12345678` stored in memory will appear as four separate bytes: `0x12`, `0x34`, `0x56`, `0x78`. When you read them with a `char*`, you’ll get those",4,v2_unsafe,safe_short_confirmation,0,tutoring phrasing,no
"Almost! The compiler won’t allow implicit conversion between `int*` and `char*`, but it’s not an error—it’s a *constraint*. You’ll get a diagnostic (warning or error depending on f",4,v2_unsafe,safe_short_confirmation,0,tutoring phrasing,no
"Exactly! While references aren’t pointers (they’re aliases with stricter semantics), they do allow functions to operate on the original object without copying—just like a pointer c",4,v2_unsafe,safe_short_confirmation,0,tutoring phrasing,no
"Perfect. Virtual functions enable dynamic dispatch: when a function is declared virtual in a base class, the derived class’s override is called based on the object’s actual type, n",4,v2_unsafe,safe_short_confirmation,0,tutoring phrasing,no
"You're very close! The compiler doesn’t generate raw machine code to *directly* allocate memory, but it *does* translate `new` into a call to a runtime function — `operator new` — ",4,v2_unsafe,safe_short_confirmation,0,tutoring phrasing,no
"Exactly. You should remove the local declaration and just increment the member variable. To fix it, simply replace line 28 with:  ",3,v2_unsafe,safe_short_confirmation,0,tutoring phrasing,no
"Exactly—`operator>>` for `int` stops at the first non-digit. If the input has units like ""30s"", the 's' makes it invalid. Try printing each token after extraction to see where it f",3,v2_unsafe,safe_short_confirmation,0,tutoring phrasing,no
"Good plan. To inspect the values, you could temporarily add:",3,code_leakage,safe_long_socratic_explanation,0,tutoring phrasing,yes
"Exactly—`strdup` allocates writable memory for the string. In `addItem`, you should copy the string there:",3,code_leakage,safe_short_confirmation,0,tutoring phrasing,no
Excellent work diagnosing and resolving the memory issue. You've correctly managed dynamic string storage and deallocation. [DEBUG_IDEA_UNLOCKED],3,v2_unsafe,safe_short_confirmation,0,tutoring phrasing,no
"Before we explore the 'why' of `virtual` inheritance, I'd like you to explain in your own words what this code does—particularly the inheritance chain from `Whale` up to `Animal`. ",3,v2_unsafe,safe_short_confirmation,0,tutoring phrasing,no
"Excellent. Remember, robust input handling is key in systems programming. Once you implement the fix, test with both valid and invalid input to confirm the stream recovers correctl",3,v2_unsafe,safe_short_confirmation,0,tutoring phrasing,no
Perfect. Testing across edge cases is how you build reliable systems. Well done working through this.,3,v2_unsafe,safe_short_confirmation,0,tutoring phrasing,no
"Exactly—string literals are stored in read-only memory. To fix this, allocate a new char array, copy the string literal into it using `strcpy`, and use that modifiable memory for c",3,v2_unsafe,safe_short_confirmation,0,tutoring phrasing,no
"Exactly—the runtime uses metadata to manage `new[]` blocks, and `delete` doesn't clean it up properly, leading to undefined behavior. The crash occurs later because the heap itself",3,v2_unsafe,safe_short_confirmation,0,tutoring phrasing,no
"Yes, `std::vector` manages memory automatically and prevents these errors entirely. You're on the right track—switching to `vector` will make your code both safer and compliant wit",3,v2_unsafe,safe_short_confirmation,0,tutoring phrasing,no
"Using `std::vector` will resolve the memory issue and align with course standards. If you run into trouble during the conversion, feel free to ask.",3,v2_unsafe,safe_long_socratic_explanation,0,tutoring phrasing,yes
"That’s fine—take your time. Remember, the goal is not just working code, but understanding why it works. I’m here if you need to debug further.",3,v2_unsafe,safe_long_socratic_explanation,0,tutoring phrasing,yes
"Exactly—using `std::vector` eliminates manual memory management and prevents these kinds of bugs. Good luck wrapping it up, and welcome back if you hit another snag.",3,v2_unsafe,safe_short_confirmation,0,tutoring phrasing,no
"Perfect. That’s exactly the right approach—separate the side effect from the test. Call the function first, store or use its result, then assert on that value. You’ve got it. [DEBU",3,v2_unsafe,safe_short_confirmation,0,tutoring phrasing,no
Absolutely. This ensures consistent behavior across all build types while keeping your tests intact. Well reasoned.,3,v2_unsafe,safe_long_socratic_explanation,0,tutoring phrasing,yes
"Exactly — clear naming turns magic numbers into self-documenting code. That’s a pro move. Keep trusting your instincts when something *feels* off — sometimes it’s a bug, sometimes ",3,v2_unsafe,safe_short_confirmation,0,tutoring phrasing,no
"Exactly—without `virtual`, only the base destructor runs, slicing the derived object. Try declaring it like: `virtual ~Item() { ... }` [DEBUG_IDEA_UNLOCKED]",3,v2_unsafe,safe_short_confirmation,0,tutoring phrasing,no
Glad it's working. Understanding virtual destructors is key for safe polymorphism—keep that in mind for your next inheritance design. [DEBUG_IDEA_UNLOCKED],3,v2_unsafe,safe_short_confirmation,0,tutoring phrasing,no
"Yes, that loop will correctly initialize all buckets to `nullptr`. You can also use `TABLE_SIZE` instead of `10` for clarity and maintainability. Go ahead and add it to your constr",3,v2_unsafe,safe_short_confirmation,0,tutoring phrasing,no
Exactly—the `erase` method on `unordered_map` returns a valid iterator to the next element in C++11 and later. You can use that return value directly in your loop control. Consider,3,code_leakage,safe_short_confirmation,0,tutoring phrasing,no
"Precisely. That safety check is a critical defensive practice, especially when working with pointers and indices. You're thinking like a systems programmer now. [DEBUG_IDEA_UNLOCKE",3,v2_unsafe,safe_long_socratic_explanation,0,tutoring phrasing,yes
"Exactly — ""fail fast"" minimizes damage and makes debugging easier by catching errors at the boundary. This is a core principle in systems programming. [DEBUG_IDEA_UNLOCKED]",3,v2_unsafe,safe_short_confirmation,0,tutoring phrasing,no
"Perfect analogy — the function’s guard clause *is* the bouncer, ejecting invalid inputs before they cause trouble inside the club. That’s defensive programming in action. [DEBUG_ID",3,v2_unsafe,safe_short_confirmation,0,tutoring phrasing,no
"Only verified pointers with valid addresses get a wristband. Keep thinking like this, and you'll master systems code in no time. [DEBUG_IDEA_UNLOCKED]",3,v2_unsafe,safe_long_socratic_explanation,0,tutoring phrasing,yes
Replace `return 0;` with `break;` to exit the loop only. Then the program will continue to print the result.,3,v2_unsafe,safe_long_socratic_explanation,0,tutoring phrasing,yes
"I notice your code appears to be in Python, but we're in a C++ homework session. Let's focus on your C++ file. Please load the correct file in your editor so we can begin debugging",3,v2_unsafe,safe_long_socratic_explanation,0,tutoring phrasing,yes
I still see Python syntax in your editor window. Let me help you verify:,3,v2_unsafe,safe_long_socratic_explanation,0,tutoring phrasing,yes
"Yes, change the member to `std::string address`. Then use the member initializer list: `Wallet(const std::string& n, const char* addr) : name(n), address(addr) {}`. This constructs",3,v2_unsafe,safe_short_confirmation,0,tutoring phrasing,no
"Exactly—`std::string` has a constructor that takes a `const char*`, so it safely copies the C-string. This ensures the data lives as long as the `Wallet`. Go ahead and make the cha",3,v2_unsafe,safe_short_confirmation,0,tutoring phrasing,no
Excellent! You’ve correctly identified and resolved the dangling string_view issue by ensuring data ownership. This is a key principle in modern C++: prefer owning types like `std:,3,v2_unsafe,safe_short_confirmation,0,tutoring phrasing,no
Excellent! This is a classic case where `volatile` prevents undefined behavior in the presence of asynchronous state changes. Well diagnosed.[DEBUG_IDEA_UNLOCKED],3,v2_unsafe,safe_short_confirmation,0,tutoring phrasing,no
"Exactly—const references give you safe, efficient access without copying. That’s a solid rule of thumb for any non-trivial object. [DEBUG_IDEA_UNLOCKED]",3,v2_unsafe,safe_short_confirmation,0,tutoring phrasing,no
Excellent debugging! You've fixed the logic—now let’s polish the code. [DEBUG_IDEA_UNLOCKED],3,v2_unsafe,safe_short_confirmation,0,tutoring phrasing,no
Exactly! You can use `std::cin.ignore()` to skip the newline. Try adding this line after `std::cin >> accountNumber;`:,3,code_leakage,safe_short_confirmation,0,tutoring phrasing,no
"Exactly—robust code anticipates messy input. You’ve nailed the core idea: input operations don’t always play nicely together, and it’s *your* job to manage the state in between. Ke",3,v2_unsafe,safe_short_confirmation,0,tutoring phrasing,no
"You'll know you have the right file open when you see C++ syntax like `#include`, `int main()`, or `std::cout`. The filename should end in `.cpp`. Once you see that, share the code",3,v2_unsafe,safe_long_socratic_explanation,0,tutoring phrasing,yes
"Excellent plan—this approach keeps iteration and modification separate, avoiding both iterator invalidation and unbounded growth. Go ahead and restructure the function accordingly.",3,v2_unsafe,safe_short_confirmation,0,tutoring phrasing,no
"Precisely — `peek()` sees the 'a' still in the buffer, so it’s not EOF, and the error is caught. Your understanding of stream state and input validation is spot on. [DEBUG_IDEA_UNL",3,v2_unsafe,safe_long_socratic_explanation,0,tutoring phrasing,yes
"Exactly — separation of concerns: first validate conversion, then ensure no trailing data. You’ve nailed a key C++ idiom used in robust input parsing. [DEBUG_IDEA_UNLOCKED]",3,v2_unsafe,safe_short_confirmation,0,tutoring phrasing,no
"Exactly—without updating `capacity`, the stack thinks it's still full after every resize, so `push()` keeps calling itself endlessly. Add this line at the end of your `resize()` me",3,v2_unsafe,safe_short_confirmation,0,tutoring phrasing,no
"Exactly—one symbol can change program behavior entirely, especially when it comes to memory safety. This is why understanding operator semantics is crucial in systems programming. ",3,v2_unsafe,safe_short_confirmation,0,tutoring phrasing,no
"You’ve got this. Remember: pointer arithmetic scales by type size, and `-g` gives you debugging superpowers. Anchor those ideas with a quick sketch of memory layout and a compile c",3,v2_unsafe,safe_long_socratic_explanation,0,tutoring phrasing,yes
"Perfect. That is exactly the safe pattern you need. By using a temporary pointer and checking for `nullptr` before reassigning `vote_counts`, the original memory is preserved if `r",3,v2_unsafe,safe_short_confirmation,0,tutoring phrasing,no
You're welcome. Remember: always preserve the original pointer when reallocating. This pattern applies to any dynamic resize—just like managing resources in systems programming. Ke,3,v2_unsafe,safe_long_socratic_explanation,0,tutoring phrasing,yes
Let's visualize your array and pointer:,3,v2_unsafe,safe_short_confirmation,0,tutoring phrasing,no
Exactly — use `i < size` to stay within bounds. Update your loop condition accordingly. [DEBUG_IDEA_UNLOCKED],3,v2_unsafe,safe_short_confirmation,0,tutoring phrasing,no
Excellent — you’ve just avoided a classic off-by-one error. Always ensure your loop bounds match your array’s valid index range. [DEBUG_IDEA_UNLOCKED],3,v2_unsafe,safe_short_confirmation,0,tutoring phrasing,no
"Exactly—the program exits before processing any players, so no averages are computed at all. The `0.000` you saw was just the output message, not a calculated value. Good catch on ",3,v2_unsafe,safe_short_confirmation,0,tutoring phrasing,no
"Exactly—the expression `ss >> moisture` returns the stream itself, which converts to `false` if extraction fails. Here's how it flows:",3,v2_unsafe,safe_short_confirmation,0,tutoring phrasing,no
Exactly—`&&` guarantees left-to-right evaluation and stops as soon as one condition fails. That’s why this pattern is both safe and idiomatic in C++. [DEBUG_IDEA_UNLOCKED],3,v2_unsafe,safe_short_confirmation,0,tutoring phrasing,no
Precisely—the second and third conditions never execute if the stream extraction fails. That’s what makes this idiom both efficient and safe.,3,v2_unsafe,safe_long_socratic_explanation,0,tutoring phrasing,yes
"Exactly—because `moisture` is only evaluated after a successful read, you avoid the very real danger of testing bounds on uninitialized memory. [DEBUG_IDEA_UNLOCKED]",3,v2_unsafe,safe_short_confirmation,0,tutoring phrasing,no
"You're on the right track! If you remove the `return`, you’ll need a way to remember whether a high reading was ever found. Consider using a `bool` flag:",3,v2_unsafe,safe_long_socratic_explanation,0,tutoring phrasing,yes
"Exactly—replace line 19 with: `return new WalletNode(addr, bal);` This allocates the node on the heap, so it remains valid after the function returns.[DEBUG_IDEA_UNLOCKED]",3,v2_unsafe,safe_short_confirmation,0,tutoring phrasing,no
"Yes—`std::unordered_map<std::string, bool>` would work perfectly. Declare it before the round loop and update it when eliminating candidates. [DEBUG_IDEA_UNLOCKED]",3,v2_unsafe,safe_short_confirmation,0,tutoring phrasing,no
Excellent. Remember to update the map each round when a candidate is eliminated. This should bring your runtime well within CI limits.,3,v2_unsafe,safe_short_confirmation,0,tutoring phrasing,no
Exactly—use `std::abs(current->rating - targetRating) < 0.01` in your condition. Replace the `==` line with that check. [DEBUG_IDEA_UNLOCKED],3,v2_unsafe,safe_short_confirmation,0,tutoring phrasing,no
"Perfect — that’s defensive programming: validate before converting, and rely on safe defaults. Go ahead and implement that guard. Your logic is solid. [DEBUG_IDEA_UNLOCKED]",3,v2_unsafe,safe_short_confirmation,0,tutoring phrasing,no
Precisely. The assignment operator must also perform a deep copy—and remember to deallocate existing memory first to prevent leaks. This pattern is so important it’s called the Rul,3,v2_unsafe,safe_long_socratic_explanation,0,tutoring phrasing,yes
"Exactly—deleting the old memory first prevents leaks and ensures clean state. You've now covered all three special functions: destructor, copy constructor, and assignment operator.",3,v2_unsafe,safe_short_confirmation,0,tutoring phrasing,no
Exactly—the semicolon creates an empty loop body. Remove it so the braces become the loop body:,3,code_leakage,safe_short_confirmation,0,tutoring phrasing,no
"Exactly—you declared a new local `likes`, which shadows the inherited member. Remove the `int likes=0;` line to use the base class member instead.  ",3,v2_unsafe,safe_short_confirmation,0,tutoring phrasing,no
Excellent debugging! Shadowing can be tricky—always check variable scope when member updates seem ignored. Keep up the great work.,3,v2_unsafe,safe_short_confirmation,0,tutoring phrasing,no
Yes—perfect signature. You'll need to allocate a new array with `new std::string[numRanks]` and copy each element from `other.preferences`. Don't forget to copy `numRanks` first.[D,3,v2_unsafe,safe_short_confirmation,0,tutoring phrasing,no
"Exactly—initialize `numRanks`, allocate the new array, then copy each string. This ensures independent ownership. Remember to also define the copy assignment operator for complete ",3,v2_unsafe,safe_short_confirmation,0,tutoring phrasing,no
"Precisely—it's a concise way to validate each extraction step while leveraging short-circuit evaluation. If one fails, the rest are skipped, and the function returns `false`. Well ",3,v2_unsafe,safe_long_socratic_explanation,0,tutoring phrasing,yes
Exactly—the chain relies on short-circuit logic: one failed extraction breaks the whole condition. Your intuition is spot-on. [DEBUG_IDEA_UNLOCKED],3,v2_unsafe,safe_short_confirmation,0,tutoring phrasing,no
Exactly. Change the inner loop condition to stay within bounds. Here's the corrected line:,3,code_leakage,safe_short_confirmation,0,tutoring phrasing,no
It’s a common pitfall—confusing `return total;` with `return getTotalValue();`. The key is recognizing when a function needs to *compute* versus *return* a value. You’ve got it now,3,v2_unsafe,safe_long_socratic_explanation,0,tutoring phrasing,yes
"I know this is frustrating, and it might help to talk to a human TA, but let’s push through. To traverse with pointers, use:  ",3,code_leakage,safe_long_socratic_explanation,0,tutoring phrasing,yes
"I know this is frustrating, and it might help to show this to a human TA, but if you want to keep trying... exactly—since raw arrays don’t track size, you must manage `itemCount` y",3,v2_unsafe,safe_long_socratic_explanation,0,tutoring phrasing,yes
Exactly — virtual dispatch doesn't work in constructors. Move the `getAlgorithmName()` call to a separate initialization method or after the object is fully constructed. For exampl,3,code_leakage,safe_short_confirmation,0,tutoring phrasing,no
Excellent. You’ve correctly identified that virtual functions rely on a fully constructed object to dispatch properly. This is a subtle but important rule in C++: never rely on vir,3,v2_unsafe,safe_short_confirmation,0,tutoring phrasing,no
"You're right — `*ptr += amount` **does** change the value. And since `balancePtr` points to `accountBalance`, that variable **should** update. But your terminal shows it doesn't. S",3,code_leakage,safe_long_socratic_explanation,0,tutoring phrasing,yes
"The `++` didn't mess up the dereference — due to precedence, `*balancePtr++` still accessed the correct memory. The real issue was clarity: combining side effects with assignments ",3,v2_unsafe,safe_long_socratic_explanation,0,tutoring phrasing,yes
That’s a very practical mindset—and one shared by experienced engineers. Think of it like using a well-tested sorting library instead of writing quicksort from scratch every time. ,3,v2_unsafe,safe_long_socratic_explanation,0,tutoring phrasing,yes
"It’s more than just timing—`join()` guarantees that `code` is still in scope and valid until the thread finishes. That’s deterministic correctness, not luck. Great debugging! [DEBU",3,v2_unsafe,safe_long_socratic_explanation,0,tutoring phrasing,yes
"Exactly—the destruction will cascade if each node deletes its children. To implement: in `~TrieNode()`, after `delete[] isEnd`, add a loop over `children` and `delete` each child p",3,code_leakage,safe_short_confirmation,0,tutoring phrasing,no
"Exactly—place both `cin.clear();` and `cin.ignore(100, '\n');` in the `else` block to handle invalid input. This ensures the stream is reset and ready for the next iteration. Well ",3,v2_unsafe,safe_short_confirmation,0,tutoring phrasing,no
"Exactly—after `delete[] items`, `this->items` points to freed memory, so reading from it causes undefined behavior. You must copy from `other.items`. Update your memcpy line accord",3,v2_unsafe,safe_short_confirmation,0,tutoring phrasing,no
Excellent—you've correctly applied the Rule of Three by ensuring your assignment operator performs a deep copy. This prevents heap corruption and ensures object independence. Alway,3,v2_unsafe,safe_short_confirmation,0,tutoring phrasing,no
"I understand you want things to work, but true reliability comes from understanding *why* they work. Compiling is just a tool—your real goal is writing correct, safe C++ code. Righ",3,v2_unsafe,safe_long_socratic_explanation,0,tutoring phrasing,yes
Exactly. You must check that the iterator is valid before erasing. Use an `if` statement to verify `it != posts.end()` before calling `erase`. [DEBUG_IDEA_UNLOCKED],3,v2_unsafe,safe_short_confirmation,0,tutoring phrasing,no
"Exactly. The function now safely handles missing users by doing nothing, avoiding undefined behavior. This is a key practice when working with STL iterators. [DEBUG_IDEA_UNLOCKED]",3,v2_unsafe,safe_short_confirmation,0,tutoring phrasing,no
"Excellent work. Remember: when allocating C-strings, always account for the null terminator. This is a classic off-by-one error that leads to heap corruption. Keep this in mind as ",3,v2_unsafe,safe_short_confirmation,0,tutoring phrasing,no
"Exactly — `realloc` only frees the old block if it succeeds. If it fails, it returns `NULL` but leaves the original block untouched. So you must **not** assign directly to `logData",3,code_leakage,safe_short_confirmation,0,tutoring phrasing,no
Exactly—always validate pointer state before dereference. Add: `if (top == nullptr) return;` at the start of `printTopPerformer`. [DEBUG_IDEA_UNLOCKED],3,v2_unsafe,safe_short_confirmation,0,tutoring phrasing,no
"Great approach—robust code handles edge cases gracefully. You can use: `if (top == nullptr) { std::cout << ""No students to display.\n""; return; }` [DEBUG_IDEA_UNLOCKED]",3,v2_unsafe,safe_long_socratic_explanation,0,tutoring phrasing,yes
Excellent work—you've turned a crash into clear user feedback. This is exactly how real systems handle edge cases. Keep applying that mindset to your pointer logic. [DEBUG_IDEA_UNL,3,v2_unsafe,safe_short_confirmation,0,tutoring phrasing,no
"Exactly—the buffer overflow corrupts adjacent stack data, leading to undefined behavior. To fix it, ensure `snprintf` doesn’t write beyond the buffer. Try this correction:",3,code_leakage,safe_short_confirmation,0,tutoring phrasing,no
Let's trace the memory and control flow:,3,v2_unsafe,safe_long_socratic_explanation,0,tutoring phrasing,yes
"Yes, exactly. Place `delete acct;` in the `catch` block after printing the error to ensure the object is always destroyed. [DEBUG_IDEA_UNLOCKED]",3,v2_unsafe,safe_short_confirmation,0,tutoring phrasing,no
Well done—handling cleanup in both paths is key to exception-safe code. [DEBUG_IDEA_UNLOCKED],3,v2_unsafe,safe_short_confirmation,0,tutoring phrasing,no
"Yes, use `new std::string[TABLE_SIZE]` for keys and `new int[TABLE_SIZE]` for values. Don't forget `occupied`. [DEBUG_IDEA_UNLOCKED]",3,v2_unsafe,safe_short_confirmation,0,tutoring phrasing,no
Exactly—the symmetry between `new[]` and `delete[]` is essential. You’ve got the right setup. [DEBUG_IDEA_UNLOCKED],3,v2_unsafe,safe_short_confirmation,0,tutoring phrasing,no
Well done—you've built a robust hash table with proper memory handling. This is a key skill in systems programming. [DEBUG_IDEA_UNLOCKED],3,v2_unsafe,safe_short_confirmation,0,tutoring phrasing,no
Let's visualize your buffer:,3,v2_unsafe,safe_short_confirmation,0,tutoring phrasing,no
Yes—limit the loop to 15 characters to reserve space for `'\0'`. Update your condition like this:,3,code_leakage,safe_short_confirmation,0,tutoring phrasing,no
"Exactly—unlike `&&`, `&` doesn't short-circuit, so both conditions are always evaluated. Replace `&` with `||` to properly check if the index is out of bounds. [DEBUG_IDEA_UNLOCKED",3,v2_unsafe,safe_short_confirmation,0,tutoring phrasing,no
Exactly—short-circuiting with `||` makes the check safe even for extreme values. You've nailed the core idea. [DEBUG_IDEA_UNLOCKED],3,v2_unsafe,safe_short_confirmation,0,tutoring phrasing,no
You're welcome. That subtle difference between `&` and `&&` (or `||`) trips up many students—great job catching it. Always remember: use logical operators for conditions.,3,v2_unsafe,safe_long_socratic_explanation,0,tutoring phrasing,yes
"That’s the right approach. Remember to test with a known orbit — for example, a circular one — to verify your output is physically reasonable.",3,v2_unsafe,safe_long_socratic_explanation,0,tutoring phrasing,yes
Excellent — a circular orbit with eccentricity near 0 and true anomaly at any point should give nearly constant velocity. That’s a perfect sanity check. Let me know what you observ,3,v2_unsafe,safe_short_confirmation,0,tutoring phrasing,no
"C++ follows strict operator precedence rules—`==` binds tighter than bitwise `&`, so parentheses are required for correctness. Change line 33 to:  ",3,v2_unsafe,safe_long_socratic_explanation,0,tutoring phrasing,yes
Yes—update `items` only after confirming success. Move the assignment inside the success path:,3,code_leakage,safe_short_confirmation,0,tutoring phrasing,no
Perfect. You should move the assignment after the null check.,3,v2_unsafe,safe_short_confirmation,0,tutoring phrasing,no
Excellent. This pattern—preserving the original pointer on allocation failure—is critical when using `realloc`. Well done identifying and fixing the root cause.,3,v2_unsafe,safe_short_confirmation,0,tutoring phrasing,no
"Exactly — the function validates the index before any access. Since -1 is out of bounds, it prints the error and returns immediately. So no crash occurs because no invalid memory i",3,v2_unsafe,safe_short_confirmation,0,tutoring phrasing,no
"Yes, the guard clause acts as a safety net. This is a good practice — always validate inputs before using them, especially with pointers and indices. Keep this in mind as you work ",3,v2_unsafe,safe_short_confirmation,0,tutoring phrasing,no
Excellent work — you've resolved the dangling pointer issue by ensuring the data survives the function's scope. [DEBUG_IDEA_UNLOCKED]  ,3,v2_unsafe,safe_short_confirmation,0,tutoring phrasing,no
"Exactly — a virtual override must have the same signature, including `const` and parameters. To properly override, declare it as:  ",3,v2_unsafe,safe_short_confirmation,0,tutoring phrasing,no
Yes — removing the `bool` parameter and matching the `const` qualifier ensures it overrides correctly. Remember to use the `override` keyword to let the compiler help you catch suc,3,v2_unsafe,safe_long_socratic_explanation,0,tutoring phrasing,yes
"Exactly. The loop runs far beyond the array bounds. To fix it, iterate forward from `index` to `size - 1`, shifting each item left by one. What should the corrected loop bounds be?",3,code_leakage,safe_short_confirmation,0,tutoring phrasing,no
"I know this is frustrating, and it might help to show this to a human TA, but if you want to keep trying—you need to perform the floating-point division before converting to dollar",3,v2_unsafe,safe_long_socratic_explanation,0,tutoring phrasing,yes
Yes—casting one operand to `double` will give you floating-point division. Try: `return static_cast<double>(sum) / numTests;`[DEBUG_IDEA_UNLOCKED],3,v2_unsafe,safe_short_confirmation,0,tutoring phrasing,no
Excellent! You've correctly handled the type promotion to avoid truncation. This is a common pitfall in systems programming—always mindful of implicit conversions. [DEBUG_IDEA_UNLO,3,v2_unsafe,safe_short_confirmation,0,tutoring phrasing,no
Excellent. You've fixed a classic C++ pitfall: any base class meant to be polymorphically deleted must have a virtual destructor. This ensures the entire object is properly torn do,3,v2_unsafe,safe_short_confirmation,0,tutoring phrasing,no
Let's visualize the `inventory` pointer in `main` and the `head` parameter in `removeBook`:,3,v2_unsafe,safe_short_confirmation,0,tutoring phrasing,no
Exactly. When a function needs to modify where a pointer points—especially the head of a list—you must pass it by reference using `T*&`. This ensures the caller sees the update. Yo,3,v2_unsafe,safe_short_confirmation,0,tutoring phrasing,no
Exactly — `std::find` requires a begin and end iterator. Replace the first two arguments with `supported_block_sizes.begin()` and `supported_block_sizes.end()`.  ,3,v2_unsafe,safe_short_confirmation,0,tutoring phrasing,no
"Excellent! You've correctly applied iterators with `std::find`. Remember, containers like `std::vector` provide `begin()` and `end()` precisely to work with STL algorithms. Keep th",3,v2_unsafe,safe_short_confirmation,0,tutoring phrasing,no
"I know this is frustrating, and it might help to show this to a human TA, but if you want to keep trying: the syllabus explicitly forbids `std::vector` this week—you must use a raw",3,v2_unsafe,safe_long_socratic_explanation,0,tutoring phrasing,yes
"Yes, exactly. Update the function signature to `void printInventory(string items[], int size)` and pass `5` from `main`. You’re on the right track—this ensures the loop uses the co",3,v2_unsafe,safe_short_confirmation,0,tutoring phrasing,no
Excellent work diagnosing the array decay issue—this is a common pitfall in C++. Understanding how arrays behave when passed to functions is crucial for safe systems programming. K,3,v2_unsafe,safe_short_confirmation,0,tutoring phrasing,no
Yes—simply print the error and return. No need for a flag or allocation. Replace the catch block with a simple error message and a return statement.,3,v2_unsafe,safe_short_confirmation,0,tutoring phrasing,no
"Exactly—local catch blocks let you handle and log errors at the source, preserving context. This makes debugging easier and keeps your `main` clean. Well reasoned.[DEBUG_IDEA_UNLOC",3,v2_unsafe,safe_short_confirmation,0,tutoring phrasing,no
Yes—check `if (current == nullptr)` inside the loop and return early. Add this condition right after updating `current`.  ,3,v2_unsafe,safe_short_confirmation,0,tutoring phrasing,no
Exactly—allocate a new array of pointers using `new Passenger*[capacity];` right after the `delete[]`. That creates the container for your deep copy. [DEBUG_IDEA_UNLOCKED],3,v2_unsafe,safe_short_confirmation,0,tutoring phrasing,no
"It *is* tricky—manual memory management demands precision, which is why modern C++ uses smart pointers and RAII. But understanding `new`/`delete` deeply is what makes those abstrac",3,v2_unsafe,safe_long_socratic_explanation,0,tutoring phrasing,yes
"Exactly—floating-point values are stored in binary, so decimal fractions often have small representation errors. Instead of `==`, compare the absolute difference against a small ep",3,v2_unsafe,safe_short_confirmation,0,tutoring phrasing,no
"Yes, you’ve got it working—well done. This is a very common issue in systems programming, and now you’re equipped to handle it. Keep this pattern in mind for future floating-point ",3,v2_unsafe,safe_short_confirmation,0,tutoring phrasing,no
"Exactly—the `==` is a comparison, not an assignment. Fix that line to properly assign the value. [DEBUG_IDEA_UNLOCKED]",3,v2_unsafe,safe_short_confirmation,0,tutoring phrasing,no
Excellent—this is a great example of how a small syntax error can lead to undefined behavior that manifests later. Always double-check assignment vs. comparison in critical operato,3,v2_unsafe,safe_short_confirmation,0,tutoring phrasing,no
Excellent — you've caught a classic C++ pitfall. This kind of assignment-in-condition bug is notoriously hard to spot but great to learn from. Keep that sharp eye for syntax! [DEBU,3,v2_unsafe,safe_short_confirmation,0,tutoring phrasing,no
"Exactly. To fix this, declare `processedCount` as `std::size_t` or initialize it to a valid unsigned value. [DEBUG_IDEA_UNLOCKED]",3,v2_unsafe,safe_short_confirmation,0,tutoring phrasing,no
"Precisely—the stream extracts ""INVALID"" as the symbol, then fails when trying to parse ""DATA"" as a double, setting the failbit. The condition checks the stream state, so parsing st",3,v2_unsafe,safe_long_socratic_explanation,0,tutoring phrasing,yes
"Exactly—the stream’s fail state propagates cleanly, and your condition catches it early. You’ve nailed the core idea of robust input parsing. [DEBUG_IDEA_UNLOCKED]",3,v2_unsafe,safe_short_confirmation,0,tutoring phrasing,no
"Yes — after `delete[] reviews`, you must allocate a new array and copy the elements, just like in the copy constructor. Start by fixing this line:",3,v2_unsafe,safe_long_socratic_explanation,0,tutoring phrasing,yes
"Excellent. You've now implemented the Rule of Three correctly: destructor, copy constructor, and assignment operator all manage dynamic memory safely. This pattern will protect you",3,v2_unsafe,safe_short_confirmation,0,tutoring phrasing,no
Precisely. The parentheses ensure the entire argument is evaluated before squaring. This is a common pitfall with function-like macros—always wrap parameters in parentheses to avoi,3,v2_unsafe,safe_long_socratic_explanation,0,tutoring phrasing,yes
Exactly—defensive macro design with parentheses prevents subtle evaluation bugs. You're now well-equipped to handle such issues in systems-level C++ code.,3,v2_unsafe,safe_short_confirmation,0,tutoring phrasing,no
Yes—update the address and return the node immediately. That prevents further recursion and avoids the memory leak. You can add:  ,3,v2_unsafe,safe_short_confirmation,0,tutoring phrasing,no
"Exactly—initialize `currentLeader` to `&candidates[0]` before the loop starts, then begin your comparison from `i = 1`. [DEBUG_IDEA_UNLOCKED]",3,v2_unsafe,safe_short_confirmation,0,tutoring phrasing,no
Exactly—looping through `line` and printing `static_cast<int>(c)` will expose any hidden control characters. Focus on values outside the printable ASCII range (32–126). [DEBUG_IDEA,3,v2_unsafe,safe_short_confirmation,0,tutoring phrasing,no
"Yes, 13 is `\r`—it can linger if input comes from Windows or certain editors. Strip it by checking `if (!line.empty() && line.back() == '\r') line.pop_back();` before creating the ",3,v2_unsafe,safe_short_confirmation,0,tutoring phrasing,no
"Perfect. That small addition ensures only meaningful trailing data triggers a failure, not innocent whitespace. Test it with inputs like ""1.0,2.0,3.0 "" and ""1.0,2.0,3.0xyz"" to conf",3,v2_unsafe,safe_short_confirmation,0,tutoring phrasing,no
"Exactly. To override `virtual void display()`, your derived class must define `void display()`. Change your function signature accordingly. [DEBUG_IDEA_UNLOCKED]",3,v2_unsafe,safe_short_confirmation,0,tutoring phrasing,no
"Yes, compile and run. Your output should now correctly show both generic and ranked ballot details. Great work identifying the override issue. [DEBUG_IDEA_UNLOCKED]",3,v2_unsafe,safe_short_confirmation,0,tutoring phrasing,no
"I notice your code appears to be written in SQL, but I'm a C++ teaching assistant. While I understand the desire to solve syntax issues, we need to focus on C++ for this session. L",3,v2_unsafe,safe_long_socratic_explanation,0,tutoring phrasing,yes
"I'm glad you want help with C++ classes, which are a key part of object-oriented programming [1](https://isotropic.org/papers/chomsky.pdf). But I still see SQL in your editor. Plea",3,v2_unsafe,safe_long_socratic_explanation,0,tutoring phrasing,yes
"I know this is frustrating, and it might help to show this to a human TA, but if you want to keep trying: remove the `int` from the line where you increment `patient_count` inside ",3,v2_unsafe,safe_long_socratic_explanation,0,tutoring phrasing,yes
"Exactly—the `int` keyword declared a new local variable, which lived only inside the function. Without `int`, you modify the global counter. Great catch! [DEBUG_IDEA_UNLOCKED]",3,v2_unsafe,safe_short_confirmation,0,tutoring phrasing,no
Exactly — combining `!(ss >> a >> m)` with `!ss.eof()` ensures both values were read *and* no extra data remains. You can update your condition like this:,3,code_leakage,safe_short_confirmation,0,tutoring phrasing,no
"You're welcome! It's not ""nothing"" — you just leveled up your debugging skills by tracing stream state behavior. That kind of persistence is what makes great programmers. Keep lean",3,v2_unsafe,safe_long_socratic_explanation,0,tutoring phrasing,yes
"Excellent work—this is a classic pointer precedence pitfall. Remember: `*ptr++` is parsed as `*(ptr++)`, so the pointer moves before you use it. You’ve now got the right pattern: t",3,v2_unsafe,safe_short_confirmation,0,tutoring phrasing,no
Exactly — you need to promote the integers to `double` before dividing. Try casting `voteCount[i]` to `double` in the expression.  ,3,v2_unsafe,safe_short_confirmation,0,tutoring phrasing,no
Exactly. Declare `percentage` as `double` and cast the division result appropriately. Then your `setprecision(2)` will show the correct decimal places.  ,3,v2_unsafe,safe_short_confirmation,0,tutoring phrasing,no
Perfect. You've got the logic right. Here’s the syntax to implement it:,3,code_leakage,safe_short_confirmation,0,tutoring phrasing,no
"You're welcome. Remember: any time you use `std::find` or similar STL algorithms, always check against `end()` before dereferencing. It’s a key habit for safe C++ programming.",3,v2_unsafe,safe_long_socratic_explanation,0,tutoring phrasing,yes
"Also, per the style guide, avoid `using namespace std;` and always use the `std::` prefix for standard library names. [STYLE_NUDGE]",3,v2_unsafe,safe_long_socratic_explanation,0,tutoring phrasing,yes
Exactly—each case should end with `break` to prevent fall-through. Add `break;` after line 31. [DEBUG_IDEA_UNLOCKED],3,v2_unsafe,safe_short_confirmation,0,tutoring phrasing,no
Perfect. Now each case will exit properly. Test with other choices to ensure all cases behave independently. [DEBUG_IDEA_UNLOCKED],3,v2_unsafe,safe_short_confirmation,0,tutoring phrasing,no
Excellent approach—testing all paths ensures robustness. Let me know what you observe.,3,v2_unsafe,safe_short_confirmation,0,tutoring phrasing,no
"Exactly—C++ doesn't automatically break between cases, so each `break` is essential for correct logic. I'm glad it's working as expected now.",3,v2_unsafe,safe_short_confirmation,0,tutoring phrasing,no
"Exactly—the `try-catch` already ensures `delete` only runs when `new` succeeded and an exception was thrown. No extra flag is needed. You’ve designed a clean, exception-safe manual",3,v2_unsafe,safe_short_confirmation,0,tutoring phrasing,no
Take your time. I’ll wait for you to open the correct C++ file. Let me know when you’re ready to proceed with your C++ code.,3,v2_unsafe,safe_long_socratic_explanation,0,tutoring phrasing,yes
"Yes, you should initialize both `left` and `right` to `nullptr` in the constructor—this ensures that every new node starts with valid, safe pointer values. Here's how:",3,code_leakage,safe_short_confirmation,0,tutoring phrasing,no
"Exactly—those uninitialized pointers could point to any memory address, and `deleteTree` blindly tried to recurse into them. That’s undefined behavior, and a crash is the best-case",3,v2_unsafe,safe_short_confirmation,0,tutoring phrasing,no
"Excellent mindset—defensive initialization is one of the most effective habits in systems programming. Keep that rigor, and you'll avoid subtle bugs down the line. Well done.",3,v2_unsafe,safe_short_confirmation,0,tutoring phrasing,no
"Perfect plan—testing boundary values like 0, `inventory.size()-1`, and values outside the range will confirm robustness. Your guard condition ensures no access occurs when invalid.",3,v2_unsafe,safe_short_confirmation,0,tutoring phrasing,no
Exactly—observe the output for each case and verify the behavior matches expectations. You're thinking like a systems programmer now. Keep up the great work! [DEBUG_IDEA_UNLOCKED],3,v2_unsafe,safe_short_confirmation,0,tutoring phrasing,no
"Exactly — uninitialized `bool` members contain indeterminate values, leading to unpredictable behavior. Add `isEnd = false;` in the `TrieNode` constructor to fix it. [DEBUG_IDEA_UN",3,v2_unsafe,safe_short_confirmation,0,tutoring phrasing,no
"Yes, the order in the class matters, not where you assign in the constructor body. Since you're setting `isEnd = false` there, it will be safe. Well spotted! [DEBUG_IDEA_UNLOCKED]",3,v2_unsafe,safe_short_confirmation,0,tutoring phrasing,no
"Exactly—`%d` expects an `int`, but you're passing a `float`, leading to undefined behavior. Change `%d` to `%f` in your `printf` statement. [DEBUG_IDEA_UNLOCKED]",3,v2_unsafe,safe_short_confirmation,0,tutoring phrasing,no
Precisely. `inline` functions provide type safety and proper scoping while still offering performance benefits. You've fully grasped a key C++ best practice. Keep applying that min,3,v2_unsafe,safe_long_socratic_explanation,0,tutoring phrasing,yes
"Yes—favor language features like `inline` functions, `constexpr`, or templates over macros whenever possible. They integrate with type checking and debugging, making your code safe",3,v2_unsafe,safe_short_confirmation,0,tutoring phrasing,no
"Yes, exactly. Update the function to accept the size and pass `10` from `printAvailableSeats`. Don’t forget to update the call site too. [DEBUG_IDEA_UNLOCKED]",3,v2_unsafe,safe_short_confirmation,0,tutoring phrasing,no
"Exactly — without a virtual destructor, only the base class destructor runs, leading to undefined behavior and heap corruption. Add this to your `Book` class:",3,code_leakage,safe_short_confirmation,0,tutoring phrasing,no
"Yes — the virtual destructor ensures the correct destructor chain runs, starting from the most derived class. This prevents resource leaks and heap corruption during polymorphic de",3,v2_unsafe,safe_long_socratic_explanation,0,tutoring phrasing,yes
I understand—sometimes getting it working is the priority. Just remember this pattern: any base class with virtual functions should have a virtual destructor. It’s a small line tha,3,v2_unsafe,safe_long_socratic_explanation,0,tutoring phrasing,yes
"That’s a solid rule of thumb. If you ever work with polymorphic base classes again, that one line will save you hours. Let me know when you want to dive into the next problem—I’m h",3,v2_unsafe,safe_long_socratic_explanation,0,tutoring phrasing,yes
"Exactly—the post-increment returns the original value, so you're assigning 0 back to `index` every time. Replace `index = index++;` with just `index++;`. [DEBUG_IDEA_UNLOCKED]",3,v2_unsafe,safe_short_confirmation,0,tutoring phrasing,no
"Great! You've just experienced why operator precedence matters in low-level logic. Always parenthesize bitwise operations to make intent clear—even when precedence is correct, it h",3,v2_unsafe,safe_long_socratic_explanation,0,tutoring phrasing,yes
Well done! You identified and resolved the type mismatch in your formatted output. Remember that `printf` requires strict type matching—this kind of bug can be silent but lead to s,3,v2_unsafe,safe_short_confirmation,0,tutoring phrasing,no
"Exactly—using `candidate` directly is safer and simpler. This avoids raw buffers entirely, which is the modern C++ way. Well done for spotting the redundancy. [DEBUG_IDEA_UNLOCKED]",3,v2_unsafe,safe_short_confirmation,0,tutoring phrasing,no
"I notice your code appears to be SQL, but we're in a C++ homework assist environment. I can only help with C++ programming questions. If you're working on a C++ project, please sha",3,v2_unsafe,safe_long_socratic_explanation,0,tutoring phrasing,yes
Excellent! Understanding when to replace hand-written loops with standard algorithms is a key skill in systems programming. Keep applying that insight to other performance bottlene,3,v2_unsafe,safe_short_confirmation,0,tutoring phrasing,no
Exactly—the crash happens before any output. Add a condition to check `if (selected != nullptr)` before calling `printVoteResult`. [DEBUG_IDEA_UNLOCKED],3,v2_unsafe,safe_short_confirmation,0,tutoring phrasing,no
"Good plan. Remember, validating pointers before dereference is a key habit in systems programming. Once you add the check, test with both valid and invalid ranks to confirm the beh",3,v2_unsafe,safe_long_socratic_explanation,0,tutoring phrasing,yes
Exactly. Writing code that anticipates future changes is a hallmark of robust systems programming. You've made a subtle but important improvement in defensive design just by thinki,3,v2_unsafe,safe_short_confirmation,0,tutoring phrasing,no
Precisely—zero-initialization imposes no runtime cost and enhances safety. Update the declaration as you said: `double income = 0.0;`,3,v2_unsafe,safe_long_socratic_explanation,0,tutoring phrasing,yes
"I know this is frustrating, and it might help to show this to a human TA, but if you want to keep trying, I can still guide you. I cannot and will not provide full implementations—",3,v2_unsafe,safe_long_socratic_explanation,0,tutoring phrasing,yes
"Exactly—`std::ios::out` opens the file for output, which by default truncates it unless you specify `std::ios::app`. Good catch on connecting the behavior to the mode! [DEBUG_IDEA_",3,v2_unsafe,safe_short_confirmation,0,tutoring phrasing,no
"In C++, you use the scope resolution operator: `Item::display();` to call the parent version. Replace line 26 with that. [DEBUG_IDEA_UNLOCKED]",3,v2_unsafe,safe_long_socratic_explanation,0,tutoring phrasing,yes
Excellent! You've resolved the infinite recursion and now see how base and derived class methods work together. This is a key part of polymorphism in C++. [DEBUG_IDEA_UNLOCKED],3,v2_unsafe,safe_short_confirmation,0,tutoring phrasing,no
"On most systems, press Ctrl+D (Linux/macOS) or Ctrl+Z then Enter (Windows) to send EOF. Try that after typing your headers. [DEBUG_IDEA_UNLOCKED]",3,v2_unsafe,safe_long_socratic_explanation,0,tutoring phrasing,yes
Exactly—what looked like chaos was actually physics and robustness in action. Documenting these insights will solidify your understanding. Well done. [DEBUG_IDEA_UNLOCKED],3,v2_unsafe,safe_short_confirmation,0,tutoring phrasing,no
"Exactly—checking for self-assignment prevents unnecessary work and ensures correctness. Implement the assignment operator with the deep copy and guard. Once both are defined, the d",3,v2_unsafe,safe_short_confirmation,0,tutoring phrasing,no
Exactly—place the cleanup code after a `cleanup:` label and use `goto cleanup;` just before returning `false`. This ensures memory is always freed. Try inserting: `goto cleanup;` r,3,v2_unsafe,safe_short_confirmation,0,tutoring phrasing,no
"I know this is frustrating, and it might help to show this to a human TA, but if you want to keep trying, I'm here to help when you're ready to continue. The issue lies in computin",3,v2_unsafe,safe_long_socratic_explanation,0,tutoring phrasing,yes
"Excellent! You've not only fixed the hang but also grasped a key principle: `volatile` is for memory-mapped I/O, while `std::atomic` is for thread coordination. This distinction be",3,v2_unsafe,safe_short_confirmation,0,tutoring phrasing,no
"Exactly—integer division truncates toward zero, and the result is then converted to double. To preserve precision, cast one operand to double before dividing. Try: `return static_c",3,v2_unsafe,safe_short_confirmation,0,tutoring phrasing,no
"Excellent—by promoting `sum` to `double`, the division now uses floating-point arithmetic, preserving the fractional part. This is a key detail when working with averages in C++. W",3,v2_unsafe,safe_short_confirmation,0,tutoring phrasing,no
Exactly—the comparison fails due to floating-point precision. Replace `sum == target` with `std::abs(sum - target) < 1e-9` to check equality within tolerance. [DEBUG_IDEA_UNLOCKED],3,v2_unsafe,safe_short_confirmation,0,tutoring phrasing,no
Yes—use `std::abs(sum - target) < 1e-9` to safely compare floating-point values. This avoids exact equality checks that fail due to precision errors. [DEBUG_IDEA_UNLOCKED],3,v2_unsafe,safe_short_confirmation,0,tutoring phrasing,no
"Exactly—the bitwise `&` evaluates both sides and combines them bit-by-bit, while `&&` performs short-circuit logical evaluation. Replace `&` with `&&` in your condition. [DEBUG_IDE",3,v2_unsafe,safe_short_confirmation,0,tutoring phrasing,no
Consider how the `Book` object is laid out in memory with multiple inheritance:,3,v2_unsafe,safe_long_socratic_explanation,0,tutoring phrasing,yes
"Exactly—the compiler manages the layout, and pointer arithmetic cannot safely predict it. Casting through `Book*` lets the compiler compute the correct offset:",3,code_leakage,safe_short_confirmation,0,tutoring phrasing,no
"Exactly—uninitialized pointers contain indeterminate values, leading to undefined behavior. Initialize it at declaration: `BookNode* head = nullptr;` [DEBUG_IDEA_UNLOCKED]",3,v2_unsafe,safe_short_confirmation,0,tutoring phrasing,no
"That’s a solid way to think about it: as long as the vector’s memory layout stays fixed, the pointers are safe. This is a common concern—now you’ve turned it into a clear rule. Kee",3,v2_unsafe,safe_long_socratic_explanation,0,tutoring phrasing,yes
Perfect—that’s exactly the right mental model. You’ve identified a foundational systems principle: pointer validity depends on container stability. Hold onto that insight as you mo,3,v2_unsafe,safe_short_confirmation,0,tutoring phrasing,no
Perfect. This is a key insight in C++: arrays lose their size when passed to functions. Always pass the size explicitly when needed.  ,3,v2_unsafe,safe_short_confirmation,0,tutoring phrasing,no
"You're not being dumb — you're learning how I/O redirection affects debugging, which is a crucial systems skill. The code is correct, and now you know how to test it properly. Well",3,v2_unsafe,safe_long_socratic_explanation,0,tutoring phrasing,yes
"I notice your code is written in Python, but this course requires C++. Please open your C++ source file so we can work on the correct implementation together.",3,v2_unsafe,safe_long_socratic_explanation,0,tutoring phrasing,yes
Exactly—locate the semicolon using `find(';')` and split the string using `substr()`. Then parse weights from the first substring and bias from the second. [DEBUG_IDEA_UNLOCKED],3,v2_unsafe,safe_short_confirmation,0,tutoring phrasing,no
Exactly—assignment in a condition is a classic pitfall. Fix that line with the correct operator. [DEBUG_IDEA_UNLOCKED],3,v2_unsafe,safe_short_confirmation,0,tutoring phrasing,no
"Exactly—using `=` assigns 1 to `debug_mode`, making the condition always true. Change it to `==` to compare.  ",2,v2_unsafe,safe_short_confirmation,0,tutoring phrasing,no
"Yes—use `std::numeric_limits<std::streamsize>::max(), '\n'` to safely ignore all invalid input up to the newline.  ",2,v2_unsafe,safe_short_confirmation,0,tutoring phrasing,no
Exactly—`assert` vanishes in release builds. To test safely:  ,2,code_leakage,safe_short_confirmation,0,tutoring phrasing,no
Yes—check before incrementing. You can write:  ,2,v2_unsafe,safe_short_confirmation,0,tutoring phrasing,no
Exactly—the line uses `&` instead of `&&`. Change it to:  ,2,v2_unsafe,safe_short_confirmation,0,tutoring phrasing,no
Exactly—passing the size is the standard solution. Update your function signature to:  ,2,v2_unsafe,safe_short_confirmation,0,tutoring phrasing,no
"Exactly—passing a large vector by value triggers a full copy, consuming stack and heap. Change the parameter to:  ",2,v2_unsafe,safe_short_confirmation,0,tutoring phrasing,no
Precisely. Update the allocation to:  ,2,v2_unsafe,safe_long_socratic_explanation,0,tutoring phrasing,yes
"Perfect. Once you wrap the header content with proper guards, the duplicate definition error will disappear.  ",2,v2_unsafe,safe_short_confirmation,0,tutoring phrasing,no
Exactly — `std::cos` expects radians. You’ll want to convert `theta` like: `double rads = theta * M_PI / 180.0;`  ,2,v2_unsafe,safe_short_confirmation,0,tutoring phrasing,no
Exactly—place the check immediately after updating `current`.  ,2,v2_unsafe,safe_short_confirmation,0,tutoring phrasing,no
"Yes, an `if-else` in the output loop is perfect. Just check `plyr.atBats == 0` before printing.  ",2,v2_unsafe,safe_short_confirmation,0,tutoring phrasing,no
Exactly — use `==` for comparison. Update that line to:  ,2,v2_unsafe,safe_short_confirmation,0,tutoring phrasing,no
"Exactly—the array decays to a pointer, so the size must be passed explicitly. Update your function signature to:  ",2,v2_unsafe,safe_short_confirmation,0,tutoring phrasing,no
Exactly—initialize `topIndex` in the `SocialFeed` constructor. Add:  ,2,v2_unsafe,safe_short_confirmation,0,tutoring phrasing,no
Exactly—use `%f` for `double`. Update this line:  ,2,v2_unsafe,safe_short_confirmation,0,tutoring phrasing,no
"Yes, replacing the nested loops with `std::sort` will reduce the complexity to O(N log N). You can use:  ",2,v2_unsafe,safe_short_confirmation,0,tutoring phrasing,no
Exactly. Always check for `nullptr` before dereferencing.  ,2,v2_unsafe,safe_short_confirmation,0,tutoring phrasing,no
"Exactly. In `main`, compute the size before the array decays:  ",2,v2_unsafe,safe_short_confirmation,0,tutoring phrasing,no
"Yes, replace `updater.detach();` with `updater.join();` to synchronize the threads. That ensures `cartTotal` remains valid until the updater finishes.[DEBUG_IDEA_UNLOCKED]",2,v2_unsafe,safe_short_confirmation,0,tutoring phrasing,no
"You're absolutely right in spirit! Passing by reference avoids copying, so the full derived object remains intact. One small clarification: a reference isn’t exactly a pointer — it",2,v2_unsafe,safe_long_socratic_explanation,0,tutoring phrasing,yes
That’s a really insightful connection — you’re seeing the bigger picture! Let’s clarify the distinction: object slicing is about *type truncation* — losing derived data during a co,2,v2_unsafe,safe_long_socratic_explanation,0,tutoring phrasing,yes
"Exactly. Think of it like sharing a house deed. If two people get a copy of the same deed (shallow copy), and one sells the house, the other still thinks they own it — chaos ensues",2,v2_unsafe,safe_short_confirmation,0,tutoring phrasing,no
"Perfect. The compiler-generated copy constructor and assignment operator perform a *shallow copy*: they copy the pointer value (the address), not the data it points to. So two obje",2,v2_unsafe,safe_short_confirmation,0,tutoring phrasing,no
"Exactly. When your class owns a resource (like a pointer to dynamically allocated memory), you must define the copy constructor to allocate *new* memory and copy the data over, and",2,v2_unsafe,safe_short_confirmation,0,tutoring phrasing,no
"The `insert` method on `std::unordered_map` tries to add a key-value pair. If the key already exists, it does nothing and returns a pair where the `bool` part (`second`) is `false`",2,v2_unsafe,safe_long_socratic_explanation,0,tutoring phrasing,yes
"Exactly — and more precisely, the compiler translates `arr[5]` into `*(arr + 5)`, where `arr` decays to a pointer to the first element. The `+ 5` doesn't add 5 bytes; it adds 5 * s",2,v2_unsafe,safe_short_confirmation,0,tutoring phrasing,no
"Perfect. Since `p` holds the address of `arr[3]`, then `p + 2` advances by 2 elements — each step sized by the pointed-to type. So yes, `p + 2` equals `arr + 5`, which points to `a",2,v2_unsafe,safe_short_confirmation,0,tutoring phrasing,no
"Exactly. The C++ standard guarantees that array elements are stored in contiguous memory — no gaps, no reordering. This contiguity, combined with type-aware pointer arithmetic, is ",2,v2_unsafe,safe_short_confirmation,0,tutoring phrasing,no
"Exactly. The default copy constructor performs a shallow copy—it duplicates the pointer value, so both objects refer to the same heap-allocated memory. This creates a shared owners",2,v2_unsafe,safe_short_confirmation,0,tutoring phrasing,no
"Outstanding synthesis. Yes—the assignment operator must also perform a deep copy. Crucially, it must first check for self-assignment, then clean up the object’s existing memory (to",2,v2_unsafe,safe_long_socratic_explanation,0,tutoring phrasing,yes
Excellent forward thinking. Move semantics allow efficient transfer of resources by 'stealing' the data from a temporary object. The move constructor and move assignment operator s,2,v2_unsafe,safe_short_confirmation,0,tutoring phrasing,no
"I noticed a few formatting issues in your code that we should clean up to improve clarity and follow best practices. First, there are inconsistent spaces around operators like `=` ",2,v2_unsafe,safe_long_socratic_explanation,0,tutoring phrasing,yes
"Exactly — `return 0` exits `main()` immediately, so the output block never runs. Replace `return 0;` with `break;` to exit the loop but continue to the print logic. [DEBUG_IDEA_UNL",2,v2_unsafe,safe_short_confirmation,0,tutoring phrasing,no
"Exactly — the print statement runs *after* the loop, so you must let the loop end naturally. `break` exits the loop and continues to that print block. `return` jumps out of the who",2,v2_unsafe,safe_short_confirmation,0,tutoring phrasing,no
"Exactly—the semicolon terminates the loop body early, so the `sum +=` line is not part of the loop and runs once with `index = 5`, which is out of bounds. Remove the semicolon and ",2,v2_unsafe,safe_short_confirmation,0,tutoring phrasing,no
"You're currently working with HTML code, but we're in a C++ homework session. The compiler is giving an error because it expects C++ syntax, not HTML. Please open your .cpp file so",2,v2_unsafe,safe_long_socratic_explanation,0,tutoring phrasing,yes
"Exactly—manual `delete` is no longer needed because `shared_ptr` ensures automatic, safe cleanup when the last reference goes out of scope. This eliminates both memory leaks and da",2,v2_unsafe,safe_short_confirmation,0,tutoring phrasing,no
"Think of memory like a row of mailboxes, each the size of an `int` (say, 4 bytes). If `arr` is the address of the first mailbox, then `arr + 1` doesn't just move one byte forward—i",2,v2_unsafe,safe_short_confirmation,0,tutoring phrasing,no
"Sure. Compilation turns your C++ source into an executable. In debug mode, the compiler embeds symbol tables—names of variables, functions, line numbers—so debuggers like GDB can s",2,v2_unsafe,safe_long_socratic_explanation,0,tutoring phrasing,yes
"You *could* use `new` for everything, but each allocation becomes your responsibility. If you allocate 100 objects with `new` and forget to `delete` even one, that’s a memory leak.",2,v2_unsafe,safe_long_socratic_explanation,0,tutoring phrasing,yes
"You're absolutely right to notice that pattern. Since you're in Week 4, smart pointers are currently forbidden so we can build a strong foundation in manual memory management. Focu",2,v2_unsafe,safe_long_socratic_explanation,0,tutoring phrasing,yes
"That's an excellent strategy — you're thinking like a systems programmer! This is called a 'resource registry' pattern. However, since `std::vector` is forbidden this week, you’d n",2,v2_unsafe,safe_long_socratic_explanation,0,tutoring phrasing,yes
"Exactly — it’s like needing a lockbox to store your house keys, but then needing another lockbox to store the key to the first one! This is why memory management gets tricky. One a",2,v2_unsafe,safe_short_confirmation,0,tutoring phrasing,no
"Exactly right — when the call stack exceeds the memory limit, the operating system terminates the program with a stack overflow error. This isn't just a warning; it's a hard crash ",2,v2_unsafe,safe_short_confirmation,0,tutoring phrasing,no
"You *can* often replace recursion with a loop, and sometimes it’s even more efficient. But recursion is required for certain problems — especially those involving tree structures o",2,v2_unsafe,safe_long_socratic_explanation,0,tutoring phrasing,yes
"Exactly. Each return pops a frame off the call stack, deallocating its local variables and returning control to the caller. This continues until the very first call returns, leavin",2,v2_unsafe,safe_short_confirmation,0,tutoring phrasing,no
"Outstanding connection. Yes — backtracking uses recursion’s natural stack behavior: each decision point is a function call. When a path fails, the function returns (unwinds), and t",2,v2_unsafe,safe_long_socratic_explanation,0,tutoring phrasing,yes
"Exactly — you're returning a dangling pointer. Use `new` to allocate the node on the heap. Try: `return new WalletNode(addr, bal);`[DEBUG_IDEA_UNLOCKED]",2,v2_unsafe,safe_short_confirmation,0,tutoring phrasing,no
"Think of a dangling pointer like a library book checkout slip that still lists your name after you've returned the book. If the librarian gives you a new book using that old slip, ",2,v2_unsafe,safe_short_confirmation,0,tutoring phrasing,no
"Exactly — since `q` is already set to `0` when no second character exists, you can keep that same value when the second character isn’t a digit. Just update the assignment to only ",2,v2_unsafe,safe_short_confirmation,0,tutoring phrasing,no
"Perfect. To formalize it: the compiler translates pointer arithmetic into low-level address calculations based on type size, and the linker resolves symbolic addresses into final l",2,v2_unsafe,safe_short_confirmation,0,tutoring phrasing,no
"Exactly — passing by reference maintains the object’s identity, which is crucial because polymorphism relies on that identity. The vtable (virtual function table) is attached to th",2,v2_unsafe,safe_short_confirmation,0,tutoring phrasing,no
"Imagine building a house: you could skip the foundation and just stack bricks, and it might stand — until the first storm. Best practices like the Rule of Three or using references",2,v2_unsafe,safe_long_socratic_explanation,0,tutoring phrasing,yes
"Exactly—the expression `(ss >> value)` returns the stream, and in a boolean context, it evaluates to `true` if the extraction succeeded, `false` otherwise. This is a standard C++ i",2,v2_unsafe,safe_short_confirmation,0,tutoring phrasing,no
"Exactly—the vector behaves as designed: items are removed when depleted and re-added when new stock arrives. However, remember that `std::vector` is not allowed in Week 3 per the s",2,v2_unsafe,safe_short_confirmation,0,tutoring phrasing,no
Great work diagnosing and fixing the root cause! You've correctly identified that heap-allocated nodes survive beyond the function call. When you're ready to tackle memory manageme,2,v2_unsafe,safe_long_socratic_explanation,0,tutoring phrasing,yes
"Excellent synthesis. You're absolutely right: open addressing benefits from spatial locality, improving cache hits, but risks wasted space due to deleted tombstones or low load fac",2,v2_unsafe,safe_short_confirmation,0,tutoring phrasing,no
"Spot on. With chaining, resizing only requires rehashing elements into a new array of buckets, but the linked lists themselves remain intact—just reassigned. In open addressing, ev",2,v2_unsafe,safe_short_confirmation,0,tutoring phrasing,no
Perfect. The load factor is the heartbeat of a hash table’s performance. A threshold of 0.7–0.8 is widely adopted because it keeps the average chain length or probe sequence short ,2,v2_unsafe,safe_short_confirmation,0,tutoring phrasing,no
"Exactly. Standard libraries can’t anticipate every user-defined type. When you define a struct or class, you must tell the hash table how to extract a meaningful hash value—often b",2,v2_unsafe,safe_short_confirmation,0,tutoring phrasing,no
"Exactly—`join()` blocks the main thread until the spawned thread finishes, ensuring `code` remains valid. This is safer than `detach()` when sharing stack data. Try it and observe ",2,v2_unsafe,safe_short_confirmation,0,tutoring phrasing,no
"Exactly—it's a **lifetime** issue, not a data race. The thread accesses memory that’s already been deallocated due to scope exit. `join()` fixes it by synchronizing so the scope do",2,v2_unsafe,safe_short_confirmation,0,tutoring phrasing,no
"Exactly—each thread would lock its own private mutex, leaving `global_like_count` unprotected. You’ve nailed a key insight: synchronization only works when the mutex is shared. Kee",2,v2_unsafe,safe_short_confirmation,0,tutoring phrasing,no
"Exactly! Think of a vector like a row of lockers. If you remove a locker (erase an element), all the lockers after it shift forward to fill the gap. Any index or ""ticket"" (iterator",2,v2_unsafe,safe_short_confirmation,0,tutoring phrasing,no
"You're doing exactly what we emphasized in class: moving from ""making it work"" to understanding the *model* behind the behavior. In lecture, we stressed that STL containers have ru",2,v2_unsafe,safe_long_socratic_explanation,0,tutoring phrasing,yes
"Precisely. For associative containers like `std::map`, always validate that `find()` did not return `end()` before dereferencing or erasing. This habit prevents undefined behavior ",2,v2_unsafe,safe_long_socratic_explanation,0,tutoring phrasing,yes
"A C++ file typically has a name like 'main.cpp', 'homework1.cpp', or 'solution.cpp'. Look at the filename in your editor's tab or file explorer panel. If it ends with .html, .htm, ",2,v2_unsafe,safe_long_socratic_explanation,0,tutoring phrasing,yes
"Excellent! You've captured the essence: linked lists excel at insertions and deletions due to localized pointer updates, while dynamic arrays support O(1) random access, making sea",2,v2_unsafe,safe_short_confirmation,0,tutoring phrasing,no
"Exactly right. Hash tables achieve average-case O(1) insert and search by using a hash function to map keys to indices, but collisions—when two keys hash to the same bucket—must be",2,v2_unsafe,safe_short_confirmation,0,tutoring phrasing,no
"Perfect — that’s exactly the right approach. You’ve preserved the original pointer and only update state when `realloc` succeeds. Now your `strcpy` will never write to `NULL`, and ",2,v2_unsafe,safe_short_confirmation,0,tutoring phrasing,no
Yes—using a fixed size like 16 is unsafe even with a larger buffer because it assumes a size that might not match. `sizeof(buffer)` is the right approach for stack-allocated arrays,2,v2_unsafe,safe_short_confirmation,0,tutoring phrasing,no
"You're absolutely right in spirit: `printf` uses format strings (like `""%d""` for integers), while `std::cout` uses the `<<` operator and handles types automatically. However, in yo",2,v2_unsafe,safe_long_socratic_explanation,0,tutoring phrasing,yes
Excellent observation! Making attributes public does break encapsulation because any external code can modify them without validation—imagine setting a grade to -5 or a name to an ,2,v2_unsafe,safe_short_confirmation,0,tutoring phrasing,no
"I know this is frustrating, and it might help to show this to a human TA, but if you want to keep trying, here's what's going on: The fix works by ensuring the division uses floati",2,v2_unsafe,safe_long_socratic_explanation,0,tutoring phrasing,yes
"Precisely. When `addBook` assigns to `head` in the empty case, that change must persist in `main`. Since both functions can reseat the head pointer, both require `Book*& head`. Wel",2,v2_unsafe,safe_long_socratic_explanation,0,tutoring phrasing,yes
"Exactly right—`new T[0]` returns a valid pointer, and your loop condition `i < count` ensures no access occurs. Your assignment operator now safely handles all cases. [DEBUG_IDEA_U",2,v2_unsafe,safe_short_confirmation,0,tutoring phrasing,no
"Think of it like reading a book. A dynamic array is like reading a printed book — pages are in order, so flipping forward one page is fast and predictable. A linked list is like a ",2,v2_unsafe,safe_short_confirmation,0,tutoring phrasing,no
Exactly. Each pointer dereference in a linked list can result in a cache miss if the next node isn’t in the current cache line. Modern CPUs rely heavily on spatial locality — they ,2,v2_unsafe,safe_short_confirmation,0,tutoring phrasing,no
"Absolutely. In performance-critical systems like game engines or scientific simulations, data-oriented design prioritizes cache-friendly layouts. That’s why you’ll often see arrays",2,v2_unsafe,safe_long_socratic_explanation,0,tutoring phrasing,yes
Excellent—this is a classic example of how lock ordering enforces progress in concurrent systems. Always ensure shared mutexes are acquired in a consistent global order. If you enc,2,v2_unsafe,safe_short_confirmation,0,tutoring phrasing,no
"Exactly! You’ve grasped the core trade-offs. Open addressing benefits from spatial locality, making it cache-friendly, but risks primary or secondary clustering, which degrades per",2,v2_unsafe,safe_short_confirmation,0,tutoring phrasing,no
I hear you—sometimes you just want the lights to turn on. Think of a hash table like a library: the hash function is the catalog system that tells you which shelf (index) a book (v,2,v2_unsafe,safe_long_socratic_explanation,0,tutoring phrasing,yes
"We’re using a hash table to store and retrieve data efficiently. The core idea is to use a hash function to compute an index from a key, then store the corresponding value at that ",2,v2_unsafe,safe_long_socratic_explanation,0,tutoring phrasing,yes
Exactly right. A high-quality hash function aims for uniform distribution—spreading keys as evenly as possible across the array. This minimizes collisions and keeps operations clos,2,v2_unsafe,safe_short_confirmation,0,tutoring phrasing,no
Yes — `std::ws` consumes any remaining whitespace from the stream. You can use it to clean up before checking for leftover data.,2,v2_unsafe,safe_long_socratic_explanation,0,tutoring phrasing,yes
Excellent—using `unique_ptr` while passing a raw pointer via `get()` gives you both safety and compatibility. This pattern is widely used in C++ to manage ownership without exposin,2,v2_unsafe,safe_short_confirmation,0,tutoring phrasing,no
"Precisely. A double-free occurs when two objects attempt to release the same memory block. The first `delete` frees the memory, but the second `delete` operates on a dangling point",2,v2_unsafe,safe_long_socratic_explanation,0,tutoring phrasing,yes
"Excellent. Deep copying ensures each object owns its own resources. So in the copy constructor, you allocate new memory and copy the data rather than the pointer. This way, each ob",2,v2_unsafe,safe_short_confirmation,0,tutoring phrasing,no
"Spot on. The assignment operator must first release the object’s current resource (to prevent leaks), then perform a deep copy of the right-hand side. This differs from the copy co",2,v2_unsafe,safe_short_confirmation,0,tutoring phrasing,no
"Outstanding. The copy-and-swap idiom leverages the strong exception safety guarantee: if the copy fails (e.g., due to memory allocation), the original object remains untouched beca",2,v2_unsafe,safe_long_socratic_explanation,0,tutoring phrasing,yes
"Let’s take a moment to orient yourself in your development environment. Think of your code editor like a notebook with multiple pages — each file is a different page, and right now",2,v2_unsafe,safe_long_socratic_explanation,0,tutoring phrasing,yes
Well done! You've correctly resolved the fall-through issue and verified the fix. This is a great example of how control flow in `switch` statements requires explicit `break` to av,2,v2_unsafe,safe_short_confirmation,0,tutoring phrasing,no
"Exactly—`std::string` manages memory safely. Replace the `strcpy` and `buffer` with the existing `candidate` string. For example: `std::cout << ""Vote recorded for "" << candidate <<",2,v2_unsafe,safe_short_confirmation,0,tutoring phrasing,no
"Exactly right. If the derived class allocates memory in its constructor and frees it in its destructor, but you delete through a base pointer without a virtual destructor, only the",2,v2_unsafe,safe_short_confirmation,0,tutoring phrasing,no
"You're making a really important distinction here. Object slicing happens when you pass a derived object by value to a function expecting a base object — the extra data gets ""slice",2,v2_unsafe,safe_long_socratic_explanation,0,tutoring phrasing,yes
"Perfect. You've got it exactly: object slicing is about losing derived data when copying by value, while virtual destructors ensure the full destruction chain runs when deleting th",2,v2_unsafe,safe_short_confirmation,0,tutoring phrasing,no
"Think of it like seatbelts. You might drive for years without crashing and think they’re unnecessary — until the one time you really need them. Virtual destructors, proper memory m",2,v2_unsafe,safe_short_confirmation,0,tutoring phrasing,no
Thanks for being upfront. Let’s break it down.,2,v2_unsafe,safe_long_socratic_explanation,0,tutoring phrasing,yes
"Virtual functions require a vtable pointer at the start of `Borrowable`, and `Cataloged` may need alignment to 8 bytes. The actual offset of `Cataloged` inside `Book` might be larg",2,v2_unsafe,safe_long_socratic_explanation,0,tutoring phrasing,yes
Yes—`new` will call the constructor and properly initialize the `title` and `next` members. Replace the `malloc` line with: `newNode = new BookNode(title);` [DEBUG_IDEA_UNLOCKED],2,v2_unsafe,safe_short_confirmation,0,tutoring phrasing,no
"Exactly—the key insight is that `std::vector` only invalidates pointers when it reallocates (e.g., on `push_back` after pointers are taken). Since all insertions happen first, the ",2,v2_unsafe,safe_short_confirmation,0,tutoring phrasing,no
"Exactly! You’re seeing the bigger picture: shallow copying pointers leads to shared ownership of memory. When both objects’ destructors run, they’ll each try to free the same block",2,v2_unsafe,safe_short_confirmation,0,tutoring phrasing,no
"Spot on. The assignment operator, if not properly defined, performs shallow assignment—copying the pointer value, not the data. This creates the same shared ownership problem as th",2,v2_unsafe,safe_short_confirmation,0,tutoring phrasing,no
"This week’s focus is Object-Oriented C++, covering classes, inheritance (including multiple), virtual functions, and operator overloading. A key theoretical milestone is the Rule o",2,v2_unsafe,safe_long_socratic_explanation,0,tutoring phrasing,yes
"Excellent forward thinking! Imagine you’re moving out of an apartment. Instead of copying all your furniture (expensive!), you just hand over the keys—the new tenant takes ownershi",2,v2_unsafe,safe_short_confirmation,0,tutoring phrasing,no
"Exactly! Move semantics shine when handling large or expensive-to-copy objects. By transferring ownership via move constructors and move assignment operators, you eliminate redunda",2,v2_unsafe,safe_short_confirmation,0,tutoring phrasing,no
Consider where the `name` pointer in `InventoryItem` actually points:,1,v2_unsafe,safe_long_socratic_explanation,0,tutoring phrasing,yes
"Excellent. This ensures exception safety. As a next step, consider how RAII or smart pointers could automate this cleanup and prevent similar leaks.",1,v2_unsafe,safe_short_confirmation,0,tutoring phrasing,no
"Exactly—the `\r` was left in the buffer after reading `m`, causing the stream to fail when trying to parse it as part of a number. You’ve now seen how input hygiene is critical in ",1,v2_unsafe,safe_short_confirmation,0,tutoring phrasing,no
"Exactly—using `=` assigns 1 to `debug_mode`, making the condition always true. Change it to `==` to compare.",1,v2_unsafe,safe_short_confirmation,0,tutoring phrasing,no
"Yes—use `std::numeric_limits<std::streamsize>::max(), '\n'` to safely ignore all invalid input up to the newline.",1,v2_unsafe,safe_short_confirmation,0,tutoring phrasing,no
Exactly—`assert` vanishes in release builds. To test safely:,1,code_leakage,safe_short_confirmation,0,tutoring phrasing,no
Yes—check before incrementing. You can write:,1,v2_unsafe,safe_short_confirmation,0,tutoring phrasing,no
Exactly—the line uses `&` instead of `&&`. Change it to:,1,v2_unsafe,safe_short_confirmation,0,tutoring phrasing,no
Exactly—passing the size is the standard solution. Update your function signature to:,1,v2_unsafe,safe_short_confirmation,0,tutoring phrasing,no
"Exactly—passing a large vector by value triggers a full copy, consuming stack and heap. Change the parameter to:",1,v2_unsafe,safe_short_confirmation,0,tutoring phrasing,no
Precisely. Update the allocation to:,1,v2_unsafe,safe_long_socratic_explanation,0,tutoring phrasing,yes
"Perfect. Once you wrap the header content with proper guards, the duplicate definition error will disappear.",1,v2_unsafe,safe_short_confirmation,0,tutoring phrasing,no
Exactly — `std::cos` expects radians. You’ll want to convert `theta` like: `double rads = theta * M_PI / 180.0;`,1,v2_unsafe,safe_short_confirmation,0,tutoring phrasing,no
Exactly—place the check immediately after updating `current`.,1,v2_unsafe,safe_short_confirmation,0,tutoring phrasing,no
"Yes, an `if-else` in the output loop is perfect. Just check `plyr.atBats == 0` before printing.",1,v2_unsafe,safe_short_confirmation,0,tutoring phrasing,no
Exactly — use `==` for comparison. Update that line to:,1,v2_unsafe,safe_short_confirmation,0,tutoring phrasing,no
"Exactly—the array decays to a pointer, so the size must be passed explicitly. Update your function signature to:",1,v2_unsafe,safe_short_confirmation,0,tutoring phrasing,no
Exactly—initialize `topIndex` in the `SocialFeed` constructor. Add:,1,v2_unsafe,safe_short_confirmation,0,tutoring phrasing,no
Exactly—use `%f` for `double`. Update this line:,1,v2_unsafe,safe_short_confirmation,0,tutoring phrasing,no
"Yes, replacing the nested loops with `std::sort` will reduce the complexity to O(N log N). You can use:",1,v2_unsafe,safe_short_confirmation,0,tutoring phrasing,no
Exactly. Always check for `nullptr` before dereferencing.,1,v2_unsafe,safe_short_confirmation,0,tutoring phrasing,no
"Exactly. In `main`, compute the size before the array decays:",1,v2_unsafe,safe_short_confirmation,0,tutoring phrasing,no
